,Rank,Team,Matches,Wins,Draws,Losses,Goal_Difference,Points,Goals_scored,Goals_conceded,Goals_per_match,Goals_conceded_per_match
0,1,Real Madrid,486,291,85,110,533,533,1076,543,2.213991769547325,1.117283950617284
1,2,Bayern Munich,388,231,78,79,427,427,817,390,2.1056701030927836,1.0051546391752577
2,3,FC Barcelona,341,196,77,68,319,319,675,356,1.9794721407624634,1.0439882697947214
3,4,Manchester United,289,153,69,67,224,224,524,300,1.8131487889273357,1.0380622837370241
4,5,Juventus,297,151,68,78,171,171,472,301,1.5892255892255893,1.0134680134680134
5,6,AC Milan,265,127,69,69,171,171,431,260,1.6264150943396227,0.9811320754716981
6,7,Liverpool FC,230,128,48,54,214,214,435,221,1.891304347826087,0.9608695652173913
7,8,FC Porto,265,120,58,87,86,86,392,306,1.4792452830188678,1.1547169811320754
8,9,SL Benfica,266,116,61,89,114,114,438,324,1.6466165413533835,1.218045112781955
9,10,Chelsea FC,197,101,52,44,153,153,337,184,1.7106598984771573,0.934010152284264
10,11,AFC Ajax,215,100,50,65,105,105,347,242,1.613953488372093,1.1255813953488372
11,12,Inter Milan,203,97,53,53,77,77,286,209,1.4088669950738917,1.0295566502463054
12,13,Arsenal FC,197,93,44,60,98,98,324,226,1.6446700507614214,1.1472081218274113
13,14,Borussia Dortmund,176,83,36,57,75,75,297,222,1.6875,1.2613636363636365
14,15,Atlético Madrid,166,79,44,43,78,78,242,164,1.4578313253012047,0.9879518072289156
15,16,Paris Saint-Germain,151,79,29,43,115,115,294,179,1.9470198675496688,1.185430463576159
16,17,Manchester City,127,72,26,29,123,123,269,146,2.1181102362204722,1.1496062992125984
17,18,Dinamo Kiev,186,65,41,80,-22,-22,229,251,1.2311827956989247,1.3494623655913978
18,19,PSV Eindhoven,171,58,43,70,-11,-11,213,224,1.2456140350877194,1.3099415204678362
19,20,Celtic FC,156,61,28,67,-6,-6,216,222,1.3846153846153846,1.4230769230769231
20,21,Olympique Lyon,136,58,36,42,49,49,216,167,1.588235294117647,1.2279411764705883
21,22,RSC Anderlecht,163,53,35,75,-64,-64,217,281,1.3312883435582823,1.7239263803680982
22,23,Valencia CF,116,48,34,34,44,44,169,125,1.456896551724138,1.0775862068965518
23,24,Galatasaray,161,43,41,77,-97,-97,174,271,1.0807453416149069,1.6832298136645962
24,25,Olympiakos Piraeus,156,47,28,81,-89,-89,176,265,1.1282051282051282,1.6987179487179487
25,26,Rangers FC,131,43,31,57,-44,-44,173,217,1.3206106870229009,1.6564885496183206
26,27,Crvena Zvezda,104,48,15,41,37,37,204,167,1.9615384615384615,1.6057692307692308
27,28,AS Roma,109,41,26,42,-10,-10,149,159,1.3669724770642202,1.4587155963302751
28,29,Olympique Marseille,110,43,18,49,21,21,161,140,1.4636363636363636,1.2727272727272727
29,30,Panathinaikos,127,36,37,54,-39,-39,138,177,1.0866141732283465,1.3937007874015748
30,31,Shakhtar Donetsk,118,39,26,53,-47,-47,161,208,1.3644067796610169,1.7627118644067796
31,32,Bayer Leverkusen,107,37,25,45,-27,-27,148,175,1.3831775700934579,1.6355140186915889
32,33,AS Monaco,98,35,21,42,7,7,146,139,1.489795918367347,1.4183673469387754
33,34,Spartak Moskva,104,34,23,47,-23,-23,146,169,1.4038461538461537,1.625
34,35,AC Sparta Praha,102,33,24,45,-24,-24,130,154,1.2745098039215685,1.5098039215686274
35,36,Feyenoord,85,32,22,31,28,28,141,113,1.6588235294117648,1.3294117647058823
36,37,CSKA Sofia,86,34,15,37,-7,-7,124,131,1.441860465116279,1.5232558139534884
37,38,Club Brugge KV,97,31,22,44,-29,-29,115,144,1.1855670103092784,1.4845360824742269
38,39,SSC Napoli,66,30,17,19,30,30,113,83,1.7121212121212122,1.2575757575757576
39,40,FC Schalke 04,73,29,17,27,-6,-6,105,111,1.4383561643835616,1.5205479452054795
40,41,FC Basel,82,29,15,38,-36,-36,113,149,1.3780487804878048,1.8170731707317074
41,42,Sevilla FC,72,27,20,25,-2,-2,105,107,1.4583333333333333,1.4861111111111112
42,43,IFK Göteborg,70,30,10,30,7,7,116,109,1.6571428571428573,1.5571428571428572
43,44,Sporting CP,92,28,15,49,-40,-40,125,165,1.358695652173913,1.7934782608695652
44,45,FCSB,87,25,22,40,-24,-24,104,128,1.1954022988505748,1.471264367816092
45,46,Tottenham Hotspur,61,27,13,21,23,23,111,88,1.819672131147541,1.4426229508196722
46,47,CSKA Moskva,86,23,20,43,-43,-43,98,141,1.1395348837209303,1.6395348837209303
47,48,Lazio Roma,60,23,16,21,9,9,88,79,1.4666666666666666,1.3166666666666667
48,49,Deportivo La Coruña,58,23,15,20,-5,-5,75,80,1.293103448275862,1.3793103448275863
49,50,Rosenborg BK,90,21,21,48,-63,-63,111,174,1.2333333333333334,1.9333333333333333
50,51,Werder Bremen,60,23,14,23,-3,-3,96,99,1.6,1.65
51,52,Girondins Bordeaux,50,21,16,13,0,0,54,54,1.08,1.08
52,53,Austria Wien,63,22,13,28,-9,-9,91,100,1.4444444444444444,1.5873015873015872
53,54,Standard Liège,46,24,5,17,23,23,79,56,1.7173913043478262,1.2173913043478262
54,55,Rapid Wien,61,24,5,32,-5,-5,94,99,1.540983606557377,1.6229508196721312
55,56,Zenit St. Petersburg,64,21,14,29,-15,-15,76,91,1.1875,1.421875
56,57,FK Viagem Příbram,45,22,10,13,17,17,75,58,1.6666666666666667,1.288888888888889
57,58,Bor. Mönchengladbach,51,19,16,16,30,30,99,69,1.9411764705882353,1.3529411764705883
58,59,Dinamo Bucureşti,54,21,9,24,-1,-1,83,84,1.537037037037037,1.5555555555555556
59,60,RB Leipzig,46,22,6,18,-2,-2,81,83,1.7608695652173914,1.8043478260869565
60,61,Fenerbahçe,73,20,10,43,-68,-68,74,142,1.0136986301369864,1.9452054794520548
61,62,Leeds United,38,20,6,12,33,33,73,40,1.9210526315789473,1.0526315789473684
62,63,ACF Fiorentina,39,18,12,9,8,8,53,45,1.358974358974359,1.1538461538461537
63,64,Górnik Zabrze,43,20,6,17,4,4,70,66,1.627906976744186,1.5348837209302326
64,65,Beşiktaş,70,17,13,40,-77,-77,63,140,0.9,2.0
65,66,AS Saint-Étienne,39,19,6,14,8,8,49,41,1.2564102564102564,1.0512820512820513
66,67,Hamburger SV,39,18,6,15,14,14,69,55,1.7692307692307692,1.4102564102564104
67,68,Újpest FC,40,17,8,15,2,2,66,64,1.65,1.6
68,69,Malmö FF,53,14,11,28,-57,-57,45,102,0.8490566037735849,1.9245283018867925
69,70,FC Nantes,40,12,14,14,-2,-2,52,54,1.3,1.35
70,71,BFC Dynamo,36,14,7,15,0,0,51,51,1.4166666666666667,1.4166666666666667
71,72,Villarreal CF,40,11,15,14,-7,-7,43,50,1.075,1.25
72,73,Hajduk Split,26,14,5,7,18,18,46,28,1.7692307692307692,1.0769230769230769
73,74,Legia Warszawa,32,14,5,13,-8,-8,43,51,1.34375,1.59375
74,75,Spartak Trnava,24,13,7,4,24,24,44,20,1.8333333333333333,0.8333333333333334
75,76,Partizan,45,13,7,25,-13,-13,61,74,1.3555555555555556,1.6444444444444444
76,77,AEK Athen,56,9,19,28,-42,-42,58,100,1.0357142857142858,1.7857142857142858
77,78,Stade Reims,24,14,3,7,33,33,63,30,2.625,1.25
78,79,FC København,44,11,12,21,-28,-28,39,67,0.8863636363636364,1.5227272727272727
79,80,Budapesti Vasas,27,12,6,9,28,28,62,34,2.2962962962962963,1.2592592592592593
80,81,Dynamo Dresden,30,12,6,12,4,4,48,44,1.6,1.4666666666666666
81,82,Lille OSC,46,9,15,22,-19,-19,38,57,0.8260869565217391,1.2391304347826086
82,83,Nottingham Forest,20,12,4,4,18,18,32,14,1.6,0.7
83,84,BSC Young Boys,35,10,9,16,-22,-22,47,69,1.3428571428571427,1.9714285714285715
84,85,FC Zürich,33,12,3,18,-22,-22,42,64,1.2727272727272727,1.9393939393939394
85,86,RB Salzburg,38,9,11,18,-18,-18,50,68,1.3157894736842106,1.7894736842105263
86,87,Real Sociedad,32,9,9,14,-7,-7,28,35,0.875,1.09375
87,88,Ferencvárosi TC,32,10,6,16,-19,-19,55,74,1.71875,2.3125
88,89,Grasshopper Club Zürich,38,9,8,21,-12,-12,55,67,1.4473684210526316,1.763157894736842
89,90,Lokomotiv Moskva,44,9,8,27,-29,-29,40,69,0.9090909090909091,1.5681818181818181
90,91,Omonia Nikosia,36,11,2,23,-43,-43,45,88,1.25,2.4444444444444446
91,92,VfL Wolfsburg,22,10,3,9,0,0,29,29,1.3181818181818181,1.3181818181818181
92,93,Budapest Honvéd,26,10,3,13,-16,-16,33,49,1.2692307692307692,1.8846153846153846
93,94,Dinamo Zagreb,54,8,9,37,-73,-73,42,115,0.7777777777777778,2.1296296296296298
94,95,Athletic Bilbao,24,8,7,9,0,0,32,32,1.3333333333333333,1.3333333333333333
95,96,VfB Stuttgart,27,8,7,12,-9,-9,33,42,1.2222222222222223,1.5555555555555556
96,97,Aston Villa,15,9,3,3,14,14,24,10,1.6,0.6666666666666666
97,98,Atalanta,23,8,6,9,-3,-3,40,43,1.7391304347826086,1.8695652173913044
98,99,1. FC Köln,17,7,8,2,8,8,27,19,1.588235294117647,1.1176470588235294
99,100,Newcastle United,24,8,4,12,-7,-7,29,36,1.2083333333333333,1.5
100,101,Trabzonspor,20,7,5,8,-9,-9,15,24,0.75,1.2
101,102,Linfield FC,40,5,11,23,-39,-39,46,85,1.15,2.125
102,103,APOEL Nikosia,40,5,11,24,-55,-55,27,82,0.675,2.05
103,104,Eintracht Frankfurt,15,7,3,5,2,2,30,28,2.0,1.8666666666666667
104,105,RC Lens,18,6,6,6,-6,-6,22,28,1.2222222222222223,1.5555555555555556
105,106,FC Wacker Innsbruck,22,7,3,12,-12,-12,34,46,1.5454545454545454,2.090909090909091
106,107,OGC Nice,14,7,2,5,4,4,29,25,2.0714285714285716,1.7857142857142858
107,108,Slovan Bratislava,16,7,2,7,-4,-4,21,25,1.3125,1.5625
108,109,Sturm Graz,24,7,2,15,-33,-33,20,53,0.8333333333333334,2.2083333333333335
109,110,Győri ETO FC,14,7,1,6,-3,-3,27,30,1.9285714285714286,2.142857142857143
110,111,Servette FC,17,6,4,7,-3,-3,27,30,1.588235294117647,1.7647058823529411
111,112,Aarhus GF,18,6,4,8,-3,-3,22,25,1.2222222222222223,1.3888888888888888
112,113,1. FC Frankfurt (Oder),21,7,1,12,-9,-9,23,32,1.0952380952380953,1.5238095238095237
113,114,Lech Poznań,16,7,1,8,-9,-9,22,31,1.375,1.9375
114,115,AJ Auxerre,20,7,1,12,-14,-14,16,30,0.8,1.5
115,116,Jeunesse Esch,39,6,3,30,-90,-90,44,134,1.1282051282051282,3.4358974358974357
116,117,Sampdoria,11,6,2,3,11,11,21,10,1.9090909090909092,0.9090909090909091
117,118,Derby County,12,6,2,4,6,6,18,12,1.5,1.0
118,119,1. FC Kaiserslautern,12,6,2,4,2,2,18,16,1.5,1.3333333333333333
119,120,Brøndby IF,20,5,5,10,-13,-13,22,35,1.1,1.75
120,121,HJK Helsinki,28,6,2,20,-46,-46,26,72,0.9285714285714286,2.5714285714285716
121,122,Erzgebirge Aue,16,5,4,7,3,3,26,23,1.625,1.4375
122,123,Aberdeen FC,12,5,4,3,2,2,14,12,1.1666666666666667,1.0
123,124,Ruch Chorzów,14,5,4,5,-5,-5,20,25,1.4285714285714286,1.7857142857142858
124,125,BATE Borisov,30,4,7,19,-52,-52,22,74,0.7333333333333333,2.466666666666667
125,126,Dnipro Dnipropetrovsk,12,5,3,4,2,2,15,13,1.25,1.0833333333333333
126,127,Baník Ostrava,14,5,3,6,-5,-5,18,23,1.2857142857142858,1.6428571428571428
127,128,CFR Cluj,18,5,3,10,-8,-8,20,28,1.1111111111111112,1.5555555555555556
128,129,Boavista,18,4,6,8,-11,-11,14,25,0.7777777777777778,1.3888888888888888
129,130,Leicester City,10,5,2,3,1,1,11,10,1.1,1.0
130,131,Widzew Łódź,16,5,2,9,-3,-3,27,30,1.6875,1.875
131,132,Levski Sofia,28,4,5,19,-26,-26,35,61,1.25,2.1785714285714284
132,133,Dundee United,8,5,1,2,9,9,14,5,1.75,0.625
133,134,Málaga CF,10,4,4,2,7,7,16,9,1.6,0.9
134,135,MTK Budapest,10,5,1,4,4,4,26,22,2.6,2.2
135,136,Wiener Sport-Club,12,4,4,4,3,3,21,18,1.75,1.5
136,137,1. FC Nürnberg,8,5,1,2,2,2,16,14,2.0,1.75
137,138,Vojvodina,9,5,1,3,1,1,10,9,1.1111111111111112,1.0
138,139,FC Kuusysi (old),14,5,1,8,-13,-13,12,25,0.8571428571428571,1.7857142857142858
139,140,Sporting Braga,18,5,1,12,-18,-18,18,36,1.0,2.0
140,141,FC Ararat,6,5,0,1,9,9,14,5,2.3333333333333335,0.8333333333333334
141,142,Dundee FC,8,5,0,3,6,6,20,14,2.5,1.75
142,143,FC Carl Zeiss Jena,8,5,0,3,1,1,12,11,1.5,1.375
143,144,Glentoran FC,20,3,6,11,-19,-19,18,37,0.9,1.85
144,145,Viktoria Plzeň,24,4,3,17,-46,-46,23,69,0.9583333333333334,2.875
145,146,FC Universitatea Craiova,12,4,2,6,-3,-3,14,17,1.1666666666666667,1.4166666666666667
146,147,Lillestrøm SK,12,3,5,4,-5,-5,10,15,0.8333333333333334,1.25
147,148,AFC DWS,6,4,1,1,9,9,13,4,2.1666666666666665,0.6666666666666666
148,149,Vejle BK,12,3,4,5,-9,-9,13,22,1.0833333333333333,1.8333333333333333
149,150,Sliema Wanderers,14,4,1,9,-25,-25,10,35,0.7142857142857143,2.5
150,151,Argeș Pitești,8,4,0,4,3,3,13,10,1.625,1.25
151,152,Dinamo Minsk,8,3,3,2,2,2,16,14,2.0,1.75
152,153,Neuchâtel Xamax FCS,8,4,0,4,1,1,14,13,1.75,1.625
153,154,Åtvidabergs FF,8,4,0,4,0,0,12,12,1.5,1.5
154,155,Rubin Kazan,12,2,6,4,-5,-5,6,11,0.5,0.9166666666666666
155,156,KF Tiranë,16,3,3,10,-10,-10,14,24,0.875,1.5
156,157,Esbjerg fB,12,3,3,6,-17,-17,11,28,0.9166666666666666,2.3333333333333335
157,158,Everton FC,8,2,5,1,6,6,12,6,1.5,0.75
158,159,AZ Alkmaar,10,2,5,3,-2,-2,12,14,1.2,1.4
159,160,IFK Norrköping,12,2,5,5,-6,-6,14,20,1.1666666666666667,1.6666666666666667
160,161,FK Partizani,14,3,2,9,-19,-19,7,26,0.5,1.8571428571428572
161,162,Hibernian FC,6,3,1,2,4,4,9,5,1.5,0.8333333333333334
162,163,RC Strasbourg,6,3,1,2,2,2,8,6,1.3333333333333333,1.0
163,164,IFK Malmö,6,3,1,2,0,0,7,7,1.1666666666666667,1.1666666666666667
164,165,KAA Gent,8,3,1,4,-1,-1,10,11,1.25,1.375
165,166,Lokomotiv Sofia,8,3,1,4,-2,-2,19,21,2.375,2.625
166,167,Hertha BSC,12,2,4,6,-8,-8,10,18,0.8333333333333334,1.5
167,168,Aalborg BK,12,2,4,6,-12,-12,14,26,1.1666666666666667,2.1666666666666665
168,169,Maccabi Haifa,18,3,1,14,-22,-22,19,41,1.0555555555555556,2.2777777777777777
169,170,NK Maribor,18,1,7,10,-32,-32,9,41,0.5,2.2777777777777777
170,171,Ipswich Town,4,3,0,1,11,11,16,5,4.0,1.25
171,172,TSV 1860 München,4,3,0,1,8,8,12,4,3.0,1.0
172,173,KV Mechelen,6,2,3,1,6,6,9,3,1.5,0.5
173,174,Bohemians Praha 1905,4,3,0,1,5,5,7,2,1.75,0.5
174,175,1. FC Magdeburg,8,3,0,5,4,4,15,11,1.875,1.375
175,176,Sparta Rotterdam,6,3,0,3,1,1,12,11,2.0,1.8333333333333333
176,177,Parma Calcio 1913,6,2,3,1,1,1,6,5,1.0,0.8333333333333334
177,178,RC Celta,8,2,3,3,-2,-2,9,11,1.125,1.375
178,179,Polonia Bytom,6,3,0,3,-4,-4,8,12,1.3333333333333333,2.0
179,180,RCD Mallorca,6,3,0,3,-5,-5,4,9,0.6666666666666666,1.5
180,181,Waterford FC,12,3,0,9,-21,-21,14,35,1.1666666666666667,2.9166666666666665
181,182,ÍA Akranes,16,2,3,11,-24,-24,15,39,0.9375,2.4375
182,183,Dundalk FC,16,2,3,11,-30,-30,10,40,0.625,2.5
183,184,Valur Reykjavík,16,2,3,11,-41,-41,9,50,0.5625,3.125
184,185,KSK Beveren,6,2,2,2,3,3,11,8,1.8333333333333333,1.3333333333333333
185,186,FC Unirea,6,2,2,2,0,0,8,8,1.3333333333333333,1.3333333333333333
186,187,Wisła Kraków,6,2,2,2,-1,-1,10,11,1.6666666666666667,1.8333333333333333
187,188,Wolverhampton Wanderers,8,2,2,4,-4,-4,12,16,1.5,2.0
188,189,KB København,11,2,2,7,-11,-11,14,25,1.2727272727272727,2.272727272727273
189,190,FC Reipas Lahti (old),8,2,2,4,-22,-22,8,30,1.0,3.75
190,191,KRC Genk,18,0,8,10,-36,-36,9,45,0.5,2.5
191,192,Inter Bratislava,4,2,1,1,2,2,8,6,2.0,1.5
192,193,Lyngby BK,6,2,1,3,2,2,7,5,1.1666666666666667,0.8333333333333334
193,194,Zorya Lugansk,4,2,1,1,2,2,3,1,0.75,0.25
194,195,FC Sion,4,2,1,1,1,1,9,8,2.25,2.0
195,196,Hellas Verona,4,2,1,1,1,1,5,4,1.25,1.0
196,197,MFK Vítkovice,4,2,1,1,-1,-1,4,5,1.0,1.25
197,198,Udinese Calcio,6,2,1,3,-2,-2,10,12,1.6666666666666667,2.0
198,199,B 1903 København,8,2,1,5,-4,-4,7,11,0.875,1.375
199,200,FC Sheriff,6,2,1,3,-4,-4,7,11,1.1666666666666667,1.8333333333333333
200,201,Real Betis,6,2,1,3,-4,-4,3,7,0.5,1.1666666666666667
201,202,Hvidovre IF,8,1,4,3,-6,-6,13,19,1.625,2.375
202,203,Petrolul Ploieşti,8,2,1,5,-7,-7,8,15,1.0,1.875
203,204,Djurgårdens IF,8,2,1,5,-9,-9,7,16,0.875,2.0
204,205,Slavia Praha,12,1,4,7,-17,-17,9,26,0.75,2.1666666666666665
205,206,PFC Ludogorets Razgrad,12,1,4,7,-18,-18,11,29,0.9166666666666666,2.4166666666666665
206,207,Zbrojovka Brno,4,1,3,0,2,2,7,5,1.75,1.25
207,208,B 1913 Odense,4,2,0,2,1,1,15,14,3.75,3.5
208,209,Burnley FC,4,2,0,2,0,0,8,8,2.0,2.0
209,210,Cagliari Calcio,4,2,0,2,0,0,5,5,1.25,1.25
210,211,Eintracht Braunschweig,5,2,0,3,0,0,5,5,1.0,1.0
211,212,FC Twente,6,1,3,2,-2,-2,9,11,1.5,1.8333333333333333
212,213,RWDM Brussels FC,4,2,0,2,-3,-3,6,9,1.5,2.25
213,214,FC Petržalka,6,1,3,2,-4,-4,5,9,0.8333333333333334,1.5
214,215,Anorthosis Famagusta,8,1,3,4,-5,-5,9,14,1.125,1.75
215,216,Lyn Oslo,10,2,0,8,-27,-27,14,41,1.4,4.1
216,217,Torino FC,4,1,2,1,0,0,4,4,1.0,1.0
217,218,FK Sarajevo,6,1,2,3,-1,-1,8,9,1.3333333333333333,1.5
218,219,Hapoel Tel Aviv,6,1,2,3,-3,-3,7,10,1.1666666666666667,1.6666666666666667
219,220,Gwardia Warszawa,5,1,2,2,-3,-3,6,9,1.2,1.8
220,221,Kilmarnock FC,4,1,2,1,-3,-3,4,7,1.0,1.75
221,222,FC Hradec Králové,4,1,2,1,-3,-3,2,5,0.5,1.25
222,223,FC La Chaux-de-Fonds,4,1,2,1,-4,-4,5,9,1.25,2.25
223,224,FK Krasnodar,6,1,2,3,-5,-5,6,11,1.0,1.8333333333333333
224,225,FK Rostov,6,1,2,3,-6,-6,6,12,1.0,2.0
225,226,Helsingborgs IF,6,1,2,3,-8,-8,6,14,1.0,2.3333333333333335
226,227,Bohemian FC,6,1,2,3,-9,-9,4,13,0.6666666666666666,2.1666666666666665
227,228,Viking FK,14,1,2,11,-18,-18,11,29,0.7857142857142857,2.0714285714285716
228,229,Hibernians FC,12,1,2,9,-28,-28,8,36,0.6666666666666666,3.0
229,230,Rapid Bucureşti,4,1,1,2,0,0,3,3,0.75,0.75
230,231,Spartak Plovdiv,4,1,1,2,0,0,3,3,0.75,0.75
231,232,Bologna FC,3,1,1,1,0,0,2,2,0.6666666666666666,0.6666666666666666
232,233,AB Gladsaxe,4,1,1,2,-1,-1,4,5,1.0,1.25
233,234,Halmstads BK,4,1,1,2,-2,-2,4,6,1.0,1.5
234,235,Blackburn Rovers,6,1,1,4,-3,-3,5,8,0.8333333333333334,1.3333333333333333
235,236,FC Thun Berner Oberland,6,1,1,4,-5,-5,4,9,0.6666666666666666,1.5
236,237,FK Astana,6,0,4,2,-6,-6,5,11,0.8333333333333334,1.8333333333333333
237,238,sc Heerenveen,6,1,1,4,-6,-6,3,9,0.5,1.5
238,239,PAOK Saloniki,6,1,1,4,-7,-7,5,12,0.8333333333333334,2.0
239,240,Östers IF,8,1,1,6,-11,-11,3,14,0.375,1.75
240,241,AIK Solna,8,1,1,6,-13,-13,5,18,0.625,2.25
241,242,Fredrikstad FK,8,1,1,6,-16,-16,6,22,0.75,2.75
242,243,Shamrock Rovers,14,0,4,10,-21,-21,7,28,0.5,2.0
243,244,Maccabi Tel Aviv,14,1,1,12,-27,-27,5,32,0.35714285714285715,2.2857142857142856
244,245,AE Lárissa,2,1,0,1,0,0,3,3,1.5,1.5
245,246,Dinamo Tbilisi,4,1,0,3,-1,-1,7,8,1.75,2.0
246,247,FK Vllaznia,2,1,0,1,-1,-1,3,4,1.5,2.0
247,248,Torpedo Moskva,4,0,3,1,-1,-1,0,1,0.0,0.25
248,249,1. FC Saarbrücken,2,1,0,1,-2,-2,5,7,2.5,3.5
249,250,Zagłębie Lubin,2,1,0,1,-2,-2,2,4,1.0,2.0
250,251,Hansa Rostock,2,1,0,1,-2,-2,1,3,0.5,1.5
251,252,KA Akureyri,2,1,0,1,-2,-2,1,3,0.5,1.5
252,253,1899 Hoffenheim,6,0,3,3,-3,-3,11,14,1.8333333333333333,2.3333333333333335
253,254,Botev Plovdiv,4,1,0,3,-3,-3,5,8,1.25,2.0
254,255,Apollon Limassol,4,1,0,3,-3,-3,4,7,1.0,1.75
255,256,Szombierki Bytom,4,1,0,3,-3,-3,4,7,1.0,1.75
256,257,FC Differdange 03,2,1,0,1,-4,-4,3,7,1.5,3.5
257,258,ŁKS Łódź,2,1,0,1,-4,-4,2,6,1.0,3.0
258,259,Heart of Midlothian,4,1,0,3,-7,-7,4,11,1.0,2.75
259,260,Molde FK,6,1,0,5,-8,-8,6,14,1.0,2.3333333333333335
260,261,İstanbul Başakşehir,6,1,0,5,-11,-11,7,18,1.1666666666666667,3.0
261,262,Derry City,6,1,0,5,-15,-15,9,24,1.5,4.0
262,263,Royal Antwerp FC,8,1,0,7,-18,-18,7,25,0.875,3.125
263,264,TPS Turku,8,1,0,7,-19,-19,4,23,0.5,2.875
264,265,Haka Valkeakoski,8,1,0,7,-21,-21,7,28,0.875,3.5
265,266,Drumcondra Dublin,6,1,0,5,-22,-22,3,25,0.5,4.166666666666667
266,267,Hamrun Spartans,8,1,0,7,-24,-24,2,26,0.25,3.25
267,268,Spora Luxemburg,7,1,0,6,-29,-29,7,36,1.0,5.142857142857143
268,269,Valletta FC,10,1,0,9,-38,-38,5,43,0.5,4.3
269,270,Floriana FC,14,0,3,11,-48,-48,3,51,0.21428571428571427,3.642857142857143
270,271,Flamurtari Vlorë,2,0,2,0,0,0,1,1,0.5,0.5
271,272,1. FC Union Berlin,6,0,2,4,-4,-4,6,10,1.0,1.6666666666666667
272,273,Montpellier HSC,6,0,2,4,-6,-6,6,12,1.0,2.0
273,274,Athlone Town,4,0,2,2,-7,-7,7,14,1.75,3.5
274,275,Willem II,6,0,2,4,-8,-8,7,15,1.1666666666666667,2.5
275,276,Vålerenga IF,6,0,2,4,-9,-9,5,14,0.8333333333333334,2.3333333333333335
276,277,FC Midtjylland,6,0,2,4,-9,-9,4,13,0.6666666666666666,2.1666666666666665
277,278,Qarabağ FK,6,0,2,4,-12,-12,2,14,0.3333333333333333,2.3333333333333335
278,279,UTA Arad,6,0,2,4,-14,-14,3,17,0.5,2.8333333333333335
279,280,Fram Reykjavík,8,0,2,6,-24,-24,4,28,0.5,3.5
280,281,Csepel SC,2,0,1,1,-1,-1,3,4,1.5,2.0
281,282,ÍBV Vestmannaeyjar,2,0,1,1,-1,-1,1,2,0.5,1.0
282,283,Skeid Fotball,2,0,1,1,-1,-1,1,2,0.5,1.0
283,284,FC Aarau,2,0,1,1,-1,-1,0,1,0.0,0.5
284,285,FC Admira Wacker,2,0,1,1,-1,-1,0,1,0.0,0.5
285,286,Etar Veliko Tarnovo,2,0,1,1,-2,-2,1,3,0.5,1.5
286,287,PFC Beroe,2,0,1,1,-2,-2,1,3,0.5,1.5
287,288,Śląsk Wrocław,2,0,1,1,-3,-3,2,5,1.0,2.5
288,289,Glenavon FC,2,0,1,1,-3,-3,0,3,0.0,1.5
289,290,Rot-Weiss Essen,2,0,1,1,-4,-4,1,5,0.5,2.5
290,291,St Patrick's Athletic,2,0,1,1,-4,-4,1,5,0.5,2.5
291,292,FC Lausanne-Sport,2,0,1,1,-4,-4,0,4,0.0,2.0
292,293,Lisburn Distillery,2,0,1,1,-5,-5,3,8,1.5,4.0
293,294,FC Blau Weiß Linz,2,0,1,1,-5,-5,0,5,0.0,2.5
294,295,Stade Rennais,6,0,1,5,-8,-8,3,11,0.5,1.8333333333333333
295,296,FC Dinamo City,6,0,1,5,-10,-10,1,11,0.16666666666666666,1.8333333333333333
296,297,Skonto FC,4,0,1,3,-11,-11,0,11,0.0,2.75
297,298,Lierse SK,8,0,1,7,-14,-14,3,17,0.375,2.125
298,299,Bursaspor,6,0,1,5,-14,-14,2,16,0.3333333333333333,2.6666666666666665
299,300,B 1909 Odense,6,0,1,5,-15,-15,6,21,1.0,3.5
300,301,Odense BK,6,0,1,5,-16,-16,4,20,0.6666666666666666,3.3333333333333335
301,302,Progrès Niedercorn,4,0,1,3,-16,-16,1,17,0.25,4.25
302,303,Kuopion PS,6,0,1,5,-17,-17,4,21,0.6666666666666666,3.5
303,304,OPS Oulu,4,0,1,3,-17,-17,2,19,0.5,4.75
304,305,FC Nordsjælland,6,0,1,5,-18,-18,4,22,0.6666666666666666,3.6666666666666665
305,306,Aris Bonnevoie,6,0,1,5,-19,-19,6,25,1.0,4.166666666666667
306,307,Olympiakos Nikosia,6,0,1,5,-32,-32,4,36,0.6666666666666666,6.0
307,308,FC Utrecht,2,0,0,2,-2,-2,4,6,2.0,3.0
308,309,Cork City,2,0,0,2,-2,-2,1,3,0.5,1.5
309,310,Roda JC Kerkrade,2,0,0,2,-3,-3,3,6,1.5,3.0
310,311,Chemnitzer FC,2,0,0,2,-3,-3,2,5,1.0,2.5
311,312,LASK,2,0,0,2,-3,-3,2,5,1.0,2.5
312,313,Željezničar Sarajevo,2,0,0,2,-3,-3,1,4,0.5,2.0
313,314,Örgryte IS,2,0,0,2,-4,-4,3,7,1.5,3.5
314,315,FKS Stal Mielec,4,0,0,4,-4,-4,2,6,0.5,1.5
315,316,SG Sachsen Leipzig,2,0,0,2,-4,-4,2,6,1.0,3.0
316,317,Moss FK,2,0,0,2,-4,-4,0,4,0.0,2.0
317,318,Beitar Jerusalem,2,0,0,2,-5,-5,2,7,1.0,3.5
318,319,Pezoporikos Larnaca,2,0,0,2,-5,-5,2,7,1.0,3.5
319,320,Tavriya Simferopol (1958-2014),2,0,0,2,-5,-5,2,7,1.0,3.5
320,321,Ilves Tampere,2,0,0,2,-5,-5,1,6,0.5,3.0
321,322,FC Luzern,2,0,0,2,-5,-5,0,5,0.0,2.5
322,323,Cork Celtic,2,0,0,2,-6,-6,1,7,0.5,3.5
323,324,Cork Hibernians,2,0,0,2,-6,-6,1,7,0.5,3.5
324,325,Køge BK,2,0,0,2,-6,-6,1,7,0.5,3.5
325,326,Shelbourne FC,2,0,0,2,-6,-6,1,7,0.5,3.5
326,327,Strømsgodset IF,2,0,0,2,-6,-6,1,7,0.5,3.5
327,328,KF Elbasani,2,0,0,2,-6,-6,0,6,0.0,3.0
328,329,Sligo Rovers,2,0,0,2,-6,-6,0,6,0.0,3.0
329,330,Vardar Skopje,2,0,0,2,-6,-6,0,6,0.0,3.0
330,331,Helsingfors IFK,4,0,0,4,-7,-7,5,12,1.25,3.0
331,332,Ards FC,2,0,0,2,-7,-7,3,10,1.5,5.0
332,333,HPS Helsinki,2,0,0,2,-7,-7,0,7,0.0,3.5
333,334,Olimpija Ljubljana,2,0,0,2,-7,-7,0,7,0.0,3.5
334,335,Víkingur Reykjavík,6,0,0,6,-8,-8,5,13,0.8333333333333334,2.1666666666666665
335,336,Oţelul Galaţi,6,0,0,6,-8,-8,3,11,0.5,1.8333333333333333
336,337,IK Start,4,0,0,4,-8,-8,2,10,0.5,2.5
337,338,FK Žalgiris,2,0,0,2,-8,-8,0,8,0.0,4.0
338,339,Coleraine FC,2,0,0,2,-10,-10,1,11,0.5,5.5
339,340,FC VSS Košice,6,0,0,6,-11,-11,2,13,0.3333333333333333,2.1666666666666665
340,341,Limerick FC (old),4,0,0,4,-12,-12,4,16,1.0,4.0
341,342,AEL Limassol,2,0,0,2,-12,-12,0,12,0.0,6.0
342,343,Debreceni VSC,6,0,0,6,-14,-14,5,19,0.8333333333333334,3.1666666666666665
343,344,KPV Kokkola,2,0,0,2,-14,-14,0,14,0.0,7.0
344,345,MŠK Žilina,6,0,0,6,-16,-16,3,19,0.5,3.1666666666666665
345,346,EPA Larnaca,2,0,0,2,-16,-16,0,16,0.0,8.0
346,347,Crusaders FC,4,0,0,4,-19,-19,0,19,0.0,4.75
347,348,Portadown FC,4,0,0,4,-20,-20,1,21,0.25,5.25
348,349,Rabat Ajax,4,0,0,4,-20,-20,0,20,0.0,5.0
349,350,KR Reykjavík,6,0,0,6,-28,-28,7,35,1.1666666666666667,5.833333333333333
350,351,Keflavík ÍF,8,0,0,8,-30,-30,5,35,0.625,4.375
351,352,Stade Dudelange,4,0,0,4,-31,-31,1,32,0.25,8.0
352,353,Union Luxembourg,8,0,0,8,-37,-37,2,39,0.25,4.875
353,354,Avenir Beggen,8,0,0,8,-44,-44,0,44,0.0,5.5
