Rank,Team,Matches,Wins,Draws,Losses,Goal_Difference,source_points_invalid,Goals_scored,Goals_conceded,Goals_per_match,Goals_conceded_per_match,outcome_count,outcome_count_matches,calculated_points,points_per_match,win_rate,draw_rate,loss_rate,goal_difference_per_match,alltime_result_score_shrunk,alltime_elo_proxy
1,Real Madrid,486,291,85,110,533,533,1076,543,2.213991769547325,1.117283950617284,486,True,958,1.97119341563786,0.5987654320987654,0.1748971193415638,0.22633744855967078,1.0967078189300412,0.6788537549407114,1630.0
2,Bayern Munich,388,231,78,79,427,427,817,390,2.105670103092784,1.0051546391752575,388,True,771,1.9871134020618557,0.595360824742268,0.20103092783505155,0.2036082474226804,1.1005154639175259,0.6862745098039216,1636.0
3,FC Barcelona,341,196,77,68,319,319,675,356,1.9794721407624636,1.0439882697947214,341,True,665,1.9501466275659824,0.5747800586510264,0.22580645161290322,0.19941348973607037,0.9354838709677419,0.6772853185595568,1628.8
4,Manchester United,289,153,69,67,224,224,524,300,1.813148788927336,1.038062283737024,289,True,528,1.8269896193771626,0.5294117647058824,0.23875432525951557,0.23183391003460208,0.7750865051903114,0.63915857605178,1599.3
5,Juventus,297,151,68,78,171,171,472,301,1.589225589225589,1.0134680134680134,297,True,521,1.754208754208754,0.5084175084175084,0.22895622895622897,0.26262626262626265,0.5757575757575758,0.6151419558359621,1581.5
6,AC Milan,265,127,69,69,171,171,431,260,1.6264150943396227,0.981132075471698,265,True,450,1.6981132075471699,0.47924528301886793,0.26037735849056604,0.26037735849056604,0.6452830188679245,0.6017543859649123,1571.7
7,Liverpool FC,230,128,48,54,214,214,435,221,1.891304347826087,0.9608695652173912,230,True,432,1.8782608695652174,0.5565217391304348,0.20869565217391303,0.23478260869565218,0.9304347826086956,0.648,1606.0
8,FC Porto,265,120,58,87,86,86,392,306,1.4792452830188678,1.1547169811320754,265,True,418,1.5773584905660378,0.4528301886792453,0.2188679245283019,0.3283018867924528,0.32452830188679244,0.5578947368421052,1540.4
9,SL Benfica,266,116,61,89,114,114,438,324,1.6466165413533835,1.218045112781955,266,True,409,1.537593984962406,0.43609022556390975,0.22932330827067668,0.33458646616541354,0.42857142857142855,0.5472027972027972,1532.9
10,Chelsea FC,197,101,52,44,153,153,337,184,1.7106598984771573,0.934010152284264,197,True,355,1.8020304568527918,0.5126903553299492,0.2639593908629442,0.2233502538071066,0.7766497461928934,0.631336405529954,1593.5
11,AFC Ajax,215,100,50,65,105,105,347,242,1.613953488372093,1.1255813953488372,215,True,350,1.627906976744186,0.46511627906976744,0.23255813953488372,0.3023255813953488,0.4883720930232558,0.574468085106383,1552.1
12,Inter Milan,203,97,53,53,77,77,286,209,1.4088669950738917,1.0295566502463054,203,True,344,1.6945812807881773,0.47783251231527096,0.26108374384236455,0.26108374384236455,0.3793103448275862,0.5986547085201793,1569.5
13,Arsenal FC,197,93,44,60,98,98,324,226,1.6446700507614214,1.1472081218274113,197,True,323,1.6395939086294415,0.4720812182741117,0.2233502538071066,0.30456852791878175,0.49746192893401014,0.576036866359447,1553.2
14,Borussia Dortmund,176,83,36,57,75,75,297,222,1.6875,1.2613636363636365,176,True,285,1.6193181818181819,0.4715909090909091,0.20454545454545456,0.32386363636363635,0.42613636363636365,0.5663265306122449,1546.4
15,Atlético Madrid,166,79,44,43,78,78,242,164,1.4578313253012047,0.9879518072289156,166,True,281,1.6927710843373494,0.4759036144578313,0.26506024096385544,0.25903614457831325,0.46987951807228917,0.5967741935483871,1568.1
16,Paris Saint-Germain,151,79,29,43,115,115,294,179,1.9470198675496688,1.185430463576159,151,True,266,1.7615894039735098,0.5231788079470199,0.19205298013245034,0.2847682119205298,0.7615894039735099,0.6052631578947368,1574.3
17,Manchester City,127,72,26,29,123,123,269,146,2.118110236220472,1.1496062992125984,127,True,242,1.905511811023622,0.5669291338582677,0.2047244094488189,0.2283464566929134,0.968503937007874,0.6462585034013606,1604.7
18,Dinamo Kiev,186,65,41,80,-22,-22,229,251,1.2311827956989247,1.3494623655913978,186,True,236,1.2688172043010753,0.34946236559139787,0.22043010752688172,0.43010752688172044,-0.11827956989247312,0.46359223300970875,1474.7
19,PSV Eindhoven,171,58,43,70,-11,-11,213,224,1.2456140350877194,1.3099415204678362,171,True,217,1.2690058479532165,0.3391812865497076,0.25146198830409355,0.4093567251461988,-0.06432748538011696,0.468586387434555,1478.1
20,Celtic FC,156,61,28,67,-6,-6,216,222,1.3846153846153846,1.4230769230769231,156,True,211,1.3525641025641026,0.391025641025641,0.1794871794871795,0.42948717948717946,-0.038461538461538464,0.48295454545454547,1488.2
21,Olympique Lyon,136,58,36,42,49,49,216,167,1.588235294117647,1.2279411764705883,136,True,210,1.5441176470588236,0.4264705882352941,0.2647058823529412,0.3088235294117647,0.3602941176470588,0.5512820512820513,1535.8
22,RSC Anderlecht,163,53,35,75,-64,-64,217,281,1.3312883435582823,1.7239263803680982,163,True,194,1.1901840490797546,0.32515337423312884,0.2147239263803681,0.4601226993865031,-0.39263803680981596,0.43989071038251365,1458.0
23,Valencia CF,116,48,34,34,44,44,169,125,1.456896551724138,1.0775862068965518,116,True,178,1.5344827586206897,0.41379310344827586,0.29310344827586204,0.29310344827586204,0.3793103448275862,0.5514705882352942,1535.9
24,Galatasaray,161,43,41,77,-97,-97,174,271,1.0807453416149069,1.6832298136645962,161,True,170,1.0559006211180124,0.2670807453416149,0.2546583850931677,0.4782608695652174,-0.6024844720496895,0.40607734806629836,1434.0
25,Olympiakos Piraeus,156,47,28,81,-89,-89,176,265,1.1282051282051282,1.698717948717949,156,True,169,1.0833333333333333,0.30128205128205127,0.1794871794871795,0.5192307692307693,-0.5705128205128205,0.4034090909090909,1432.0
26,Rangers FC,131,43,31,57,-44,-44,173,217,1.3206106870229009,1.6564885496183206,131,True,160,1.2213740458015268,0.3282442748091603,0.2366412213740458,0.4351145038167939,-0.33587786259541985,0.45364238410596025,1467.7
27,Crvena Zvezda,104,48,15,41,37,37,204,167,1.9615384615384612,1.6057692307692308,104,True,159,1.5288461538461537,0.46153846153846156,0.14423076923076922,0.3942307692307692,0.3557692307692308,0.5282258064516129,1519.6
28,AS Roma,109,41,26,42,-10,-10,149,159,1.3669724770642202,1.4587155963302751,109,True,149,1.3669724770642202,0.3761467889908257,0.23853211009174313,0.3853211009174312,-0.09174311926605505,0.49612403100775193,1497.3
29,Olympique Marseille,110,43,18,49,21,21,161,140,1.4636363636363636,1.2727272727272727,110,True,147,1.3363636363636364,0.39090909090909093,0.16363636363636364,0.44545454545454544,0.19090909090909092,0.47692307692307695,1484.0
30,Panathinaikos,127,36,37,54,-39,-39,138,177,1.0866141732283463,1.3937007874015748,127,True,145,1.141732283464567,0.28346456692913385,0.29133858267716534,0.4251968503937008,-0.30708661417322836,0.4387755102040816,1457.2
31,Shakhtar Donetsk,118,39,26,53,-47,-47,161,208,1.3644067796610169,1.7627118644067796,118,True,143,1.2118644067796611,0.3305084745762712,0.22033898305084745,0.4491525423728814,-0.3983050847457627,0.4492753623188406,1464.6
32,Bayer Leverkusen,107,37,25,45,-27,-27,148,175,1.383177570093458,1.6355140186915889,107,True,136,1.2710280373831775,0.34579439252336447,0.2336448598130841,0.4205607476635514,-0.2523364485981308,0.468503937007874,1478.1
33,AS Monaco,98,35,21,42,7,7,146,139,1.489795918367347,1.4183673469387754,98,True,126,1.2857142857142858,0.35714285714285715,0.21428571428571427,0.42857142857142855,0.07142857142857142,0.4703389830508475,1479.4
34,Spartak Moskva,104,34,23,47,-23,-23,146,169,1.4038461538461535,1.625,104,True,125,1.2019230769230769,0.3269230769230769,0.22115384615384615,0.4519230769230769,-0.22115384615384615,0.4475806451612903,1463.4
35,AC Sparta Praha,102,33,24,45,-24,-24,130,154,1.2745098039215683,1.5098039215686274,102,True,123,1.2058823529411764,0.3235294117647059,0.23529411764705882,0.4411764705882353,-0.23529411764705882,0.45081967213114754,1465.7
36,Feyenoord,85,32,22,31,28,28,141,113,1.6588235294117648,1.3294117647058823,85,True,118,1.388235294117647,0.3764705882352941,0.25882352941176473,0.36470588235294116,0.32941176470588235,0.5047619047619047,1503.3
37,CSKA Sofia,86,34,15,37,-7,-7,124,131,1.441860465116279,1.5232558139534884,86,True,117,1.3604651162790697,0.3953488372093023,0.1744186046511628,0.43023255813953487,-0.08139534883720931,0.4858490566037736,1490.2
38,Club Brugge KV,97,31,22,44,-29,-29,115,144,1.1855670103092784,1.4845360824742269,97,True,115,1.1855670103092784,0.31958762886597936,0.2268041237113402,0.4536082474226804,-0.29896907216494845,0.4444444444444444,1461.2
39,SSC Napoli,66,30,17,19,30,30,113,83,1.7121212121212122,1.2575757575757576,66,True,107,1.621212121212121,0.45454545454545453,0.25757575757575757,0.2878787878787879,0.45454545454545453,0.563953488372093,1544.7
40,FC Schalke 04,73,29,17,27,-6,-6,105,111,1.4383561643835616,1.5205479452054795,73,True,104,1.4246575342465753,0.3972602739726027,0.2328767123287671,0.3698630136986301,-0.0821917808219178,0.510752688172043,1507.5
41,FC Basel,82,29,15,38,-36,-36,113,149,1.3780487804878048,1.8170731707317076,82,True,102,1.2439024390243902,0.35365853658536583,0.18292682926829268,0.4634146341463415,-0.43902439024390244,0.45588235294117646,1469.3
42,Sevilla FC,72,27,20,25,-2,-2,105,107,1.4583333333333333,1.4861111111111112,72,True,101,1.4027777777777777,0.375,0.2777777777777778,0.3472222222222222,-0.027777777777777776,0.5108695652173914,1507.6
43,IFK Göteborg,70,30,10,30,7,7,116,109,1.6571428571428573,1.5571428571428572,70,True,100,1.4285714285714286,0.42857142857142855,0.14285714285714285,0.42857142857142855,0.1,0.5,1500.0
44,Sporting CP,92,28,15,49,-40,-40,125,165,1.358695652173913,1.7934782608695652,92,True,99,1.076086956521739,0.30434782608695654,0.16304347826086957,0.532608695652174,-0.43478260869565216,0.40625,1434.1
45,FCSB,87,25,22,40,-24,-24,104,128,1.1954022988505748,1.471264367816092,87,True,97,1.1149425287356323,0.28735632183908044,0.25287356321839083,0.45977011494252873,-0.27586206896551724,0.42990654205607476,1451.0
46,Tottenham Hotspur,61,27,13,21,23,23,111,88,1.819672131147541,1.4426229508196722,61,True,94,1.540983606557377,0.4426229508196721,0.21311475409836064,0.3442622950819672,0.3770491803278688,0.5370370370370371,1525.8
47,CSKA Moskva,86,23,20,43,-43,-43,98,141,1.1395348837209305,1.6395348837209305,86,True,89,1.0348837209302326,0.26744186046511625,0.23255813953488372,0.5,-0.5,0.4056603773584906,1433.7
48,Lazio Roma,60,23,16,21,9,9,88,79,1.4666666666666666,1.3166666666666669,60,True,85,1.4166666666666667,0.38333333333333336,0.26666666666666666,0.35,0.15,0.5125,1508.7
49,Deportivo La Coruña,58,23,15,20,-5,-5,75,80,1.293103448275862,1.3793103448275863,58,True,84,1.4482758620689655,0.39655172413793105,0.25862068965517243,0.3448275862068966,-0.08620689655172414,0.5192307692307693,1513.4
50,Rosenborg BK,90,21,21,48,-63,-63,111,174,1.2333333333333334,1.9333333333333331,90,True,84,0.9333333333333333,0.23333333333333334,0.23333333333333334,0.5333333333333333,-0.7,0.37727272727272726,1412.9
51,Werder Bremen,60,23,14,23,-3,-3,96,99,1.6,1.65,60,True,83,1.3833333333333333,0.38333333333333336,0.23333333333333334,0.38333333333333336,-0.05,0.5,1500.0
52,Girondins Bordeaux,50,21,16,13,0,0,54,54,1.08,1.08,50,True,79,1.58,0.42,0.32,0.26,0.0,0.5571428571428572,1539.9
53,Austria Wien,63,22,13,28,-9,-9,91,100,1.4444444444444444,1.5873015873015872,63,True,79,1.253968253968254,0.3492063492063492,0.20634920634920634,0.4444444444444444,-0.14285714285714285,0.463855421686747,1474.8
54,Standard Liège,46,24,5,17,23,23,79,56,1.7173913043478262,1.2173913043478262,46,True,77,1.673913043478261,0.5217391304347826,0.10869565217391304,0.3695652173913043,0.5,0.553030303030303,1537.0
55,Rapid Wien,61,24,5,32,-5,-5,94,99,1.540983606557377,1.6229508196721312,61,True,77,1.2622950819672132,0.39344262295081966,0.08196721311475409,0.5245901639344263,-0.08196721311475409,0.4506172839506173,1465.6
56,Zenit St. Petersburg,64,21,14,29,-15,-15,76,91,1.1875,1.421875,64,True,77,1.203125,0.328125,0.21875,0.453125,-0.234375,0.4523809523809524,1466.8
57,FK Viagem Příbram,45,22,10,13,17,17,75,58,1.6666666666666667,1.288888888888889,45,True,76,1.6888888888888889,0.4888888888888889,0.2222222222222222,0.28888888888888886,0.37777777777777777,0.5692307692307692,1548.4
58,Bor. Mönchengladbach,51,19,16,16,30,30,99,69,1.9411764705882355,1.3529411764705883,51,True,73,1.4313725490196079,0.37254901960784315,0.3137254901960784,0.3137254901960784,0.5882352941176471,0.5211267605633803,1514.7
59,Dinamo Bucureşti,54,21,9,24,-1,-1,83,84,1.537037037037037,1.5555555555555556,54,True,72,1.3333333333333333,0.3888888888888889,0.16666666666666666,0.4444444444444444,-0.018518518518518517,0.4797297297297297,1485.9
60,RB Leipzig,46,22,6,18,-2,-2,81,83,1.7608695652173914,1.8043478260869563,46,True,72,1.565217391304348,0.4782608695652174,0.13043478260869565,0.391304347826087,-0.043478260869565216,0.5303030303030303,1521.1
61,Fenerbahçe,73,20,10,43,-68,-68,74,142,1.0136986301369864,1.9452054794520548,73,True,70,0.958904109589041,0.273972602739726,0.136986301369863,0.589041095890411,-0.9315068493150684,0.3763440860215054,1412.3
62,Leeds United,38,20,6,12,33,33,73,40,1.9210526315789476,1.0526315789473684,38,True,66,1.736842105263158,0.5263157894736842,0.15789473684210525,0.3157894736842105,0.868421052631579,0.5689655172413793,1548.2
63,ACF Fiorentina,39,18,12,9,8,8,53,45,1.358974358974359,1.1538461538461535,39,True,66,1.6923076923076923,0.46153846153846156,0.3076923076923077,0.23076923076923078,0.20512820512820512,0.576271186440678,1553.4
64,Górnik Zabrze,43,20,6,17,4,4,70,66,1.627906976744186,1.5348837209302326,43,True,66,1.5348837209302326,0.46511627906976744,0.13953488372093023,0.3953488372093023,0.09302325581395349,0.5238095238095238,1516.6
65,Beşiktaş,70,17,13,40,-77,-77,63,140,0.9,2.0,70,True,64,0.9142857142857143,0.24285714285714285,0.18571428571428572,0.5714285714285714,-1.1,0.37222222222222223,1409.2
66,AS Saint-Étienne,39,19,6,14,8,8,49,41,1.2564102564102564,1.051282051282051,39,True,63,1.6153846153846154,0.48717948717948717,0.15384615384615385,0.358974358974359,0.20512820512820512,0.5423728813559322,1529.5
67,Hamburger SV,39,18,6,15,14,14,69,55,1.7692307692307692,1.4102564102564104,39,True,60,1.5384615384615385,0.46153846153846156,0.15384615384615385,0.38461538461538464,0.358974358974359,0.5254237288135594,1517.7
68,Újpest FC,40,17,8,15,2,2,66,64,1.65,1.6,40,True,59,1.475,0.425,0.2,0.375,0.05,0.5166666666666667,1511.6
69,Malmö FF,53,14,11,28,-57,-57,45,102,0.8490566037735849,1.9245283018867925,53,True,53,1.0,0.2641509433962264,0.20754716981132076,0.5283018867924528,-1.0754716981132075,0.4041095890410959,1432.5
70,FC Nantes,40,12,14,14,-2,-2,52,54,1.3,1.35,40,True,50,1.25,0.3,0.35,0.35,-0.05,0.48333333333333334,1488.4
71,BFC Dynamo,36,14,7,15,0,0,51,51,1.4166666666666667,1.4166666666666667,36,True,49,1.3611111111111112,0.3888888888888889,0.19444444444444445,0.4166666666666667,0.0,0.49107142857142855,1493.8
72,Villarreal CF,40,11,15,14,-7,-7,43,50,1.075,1.25,40,True,48,1.2,0.275,0.375,0.35,-0.175,0.475,1482.6
73,Hajduk Split,26,14,5,7,18,18,46,28,1.7692307692307692,1.0769230769230769,26,True,47,1.8076923076923077,0.5384615384615384,0.19230769230769232,0.2692307692307692,0.6923076923076923,0.5760869565217391,1553.3
74,Legia Warszawa,32,14,5,13,-8,-8,43,51,1.34375,1.59375,32,True,47,1.46875,0.4375,0.15625,0.40625,-0.25,0.5096153846153846,1506.7
75,Spartak Trnava,24,13,7,4,24,24,44,20,1.8333333333333333,0.8333333333333334,24,True,46,1.9166666666666667,0.5416666666666666,0.2916666666666667,0.16666666666666666,1.0,0.6022727272727273,1572.1
76,Partizan,45,13,7,25,-13,-13,61,74,1.3555555555555556,1.6444444444444444,45,True,46,1.0222222222222221,0.28888888888888886,0.15555555555555556,0.5555555555555556,-0.28888888888888886,0.4076923076923077,1435.1
77,AEK Athen,56,9,19,28,-42,-42,58,100,1.0357142857142858,1.7857142857142858,56,True,46,0.8214285714285714,0.16071428571428573,0.3392857142857143,0.5,-0.75,0.375,1411.3
78,Stade Reims,24,14,3,7,33,33,63,30,2.625,1.25,24,True,45,1.875,0.5833333333333334,0.125,0.2916666666666667,1.375,0.5795454545454546,1555.7
79,FC København,44,11,12,21,-28,-28,39,67,0.8863636363636364,1.5227272727272727,44,True,45,1.0227272727272727,0.25,0.2727272727272727,0.4772727272727273,-0.6363636363636364,0.421875,1445.3
80,Budapesti Vasas,27,12,6,9,28,28,62,34,2.2962962962962963,1.2592592592592593,27,True,42,1.5555555555555556,0.4444444444444444,0.2222222222222222,0.3333333333333333,1.037037037037037,0.5319148936170213,1522.2
81,Dynamo Dresden,30,12,6,12,4,4,48,44,1.6,1.4666666666666666,30,True,42,1.4,0.4,0.2,0.4,0.13333333333333333,0.5,1500.0
82,Lille OSC,46,9,15,22,-19,-19,38,57,0.8260869565217391,1.2391304347826086,46,True,42,0.9130434782608695,0.1956521739130435,0.32608695652173914,0.4782608695652174,-0.41304347826086957,0.4015151515151515,1430.7
83,Nottingham Forest,20,12,4,4,18,18,32,14,1.6,0.7,20,True,40,2.0,0.6,0.2,0.2,0.9,0.6,1570.4
84,BSC Young Boys,35,10,9,16,-22,-22,47,69,1.3428571428571427,1.9714285714285715,35,True,39,1.1142857142857143,0.2857142857142857,0.2571428571428571,0.45714285714285713,-0.6285714285714286,0.44545454545454544,1461.9
85,FC Zürich,33,12,3,18,-22,-22,42,64,1.2727272727272727,1.9393939393939397,33,True,39,1.1818181818181819,0.36363636363636365,0.09090909090909091,0.5454545454545454,-0.6666666666666666,0.44339622641509435,1460.5
86,RB Salzburg,38,9,11,18,-18,-18,50,68,1.3157894736842106,1.7894736842105263,38,True,38,1.0,0.23684210526315788,0.2894736842105263,0.47368421052631576,-0.47368421052631576,0.4224137931034483,1445.6
87,Real Sociedad,32,9,9,14,-7,-7,28,35,0.875,1.09375,32,True,36,1.125,0.28125,0.28125,0.4375,-0.21875,0.4519230769230769,1466.5
88,Ferencvárosi TC,32,10,6,16,-19,-19,55,74,1.71875,2.3125,32,True,36,1.125,0.3125,0.1875,0.5,-0.59375,0.4423076923076923,1459.7
89,Grasshopper Club Zürich,38,9,8,21,-12,-12,55,67,1.4473684210526316,1.763157894736842,38,True,35,0.9210526315789473,0.23684210526315788,0.21052631578947367,0.5526315789473685,-0.3157894736842105,0.39655172413793105,1427.1
90,Lokomotiv Moskva,44,9,8,27,-29,-29,40,69,0.9090909090909092,1.568181818181818,44,True,35,0.7954545454545454,0.20454545454545456,0.18181818181818182,0.6136363636363636,-0.6590909090909091,0.359375,1399.6
91,Omonia Nikosia,36,11,2,23,-43,-43,45,88,1.25,2.4444444444444446,36,True,35,0.9722222222222222,0.3055555555555556,0.05555555555555555,0.6388888888888888,-1.1944444444444444,0.39285714285714285,1424.4
92,VfL Wolfsburg,22,10,3,9,0,0,29,29,1.318181818181818,1.318181818181818,22,True,33,1.5,0.45454545454545453,0.13636363636363635,0.4090909090909091,0.0,0.5119047619047619,1508.3
93,Budapest Honvéd,26,10,3,13,-16,-16,33,49,1.2692307692307692,1.8846153846153848,26,True,33,1.2692307692307692,0.38461538461538464,0.11538461538461539,0.5,-0.6153846153846154,0.4673913043478261,1477.3
94,Dinamo Zagreb,54,8,9,37,-73,-73,42,115,0.7777777777777778,2.1296296296296298,54,True,33,0.6111111111111112,0.14814814814814814,0.16666666666666666,0.6851851851851852,-1.3518518518518519,0.30405405405405406,1356.2
95,Athletic Bilbao,24,8,7,9,0,0,32,32,1.3333333333333333,1.3333333333333333,24,True,31,1.2916666666666667,0.3333333333333333,0.2916666666666667,0.375,0.0,0.48863636363636365,1492.1
96,VfB Stuttgart,27,8,7,12,-9,-9,33,42,1.2222222222222223,1.5555555555555556,27,True,31,1.1481481481481481,0.2962962962962963,0.25925925925925924,0.4444444444444444,-0.3333333333333333,0.4574468085106383,1470.4
97,Aston Villa,15,9,3,3,14,14,24,10,1.6,0.6666666666666666,15,True,30,2.0,0.6,0.2,0.2,0.9333333333333333,0.5857142857142857,1560.2
98,Atalanta,23,8,6,9,-3,-3,40,43,1.7391304347826086,1.8695652173913044,23,True,30,1.3043478260869565,0.34782608695652173,0.2608695652173913,0.391304347826087,-0.13043478260869565,0.4883720930232558,1491.9
99,1. FC Köln,17,7,8,2,8,8,27,19,1.588235294117647,1.1176470588235294,17,True,29,1.7058823529411764,0.4117647058823529,0.47058823529411764,0.11764705882352941,0.47058823529411764,0.5675675675675675,1547.2
100,Newcastle United,24,8,4,12,-7,-7,29,36,1.2083333333333333,1.5,24,True,28,1.1666666666666667,0.3333333333333333,0.16666666666666666,0.5,-0.2916666666666667,0.45454545454545453,1468.3
101,Trabzonspor,20,7,5,8,-9,-9,15,24,0.75,1.2,20,True,26,1.3,0.35,0.25,0.4,-0.45,0.4875,1491.3
102,Linfield FC,40,5,11,23,-39,-39,46,85,1.15,2.125,39,False,26,0.65,0.125,0.275,0.575,-0.975,0.3416666666666667,1386.1
103,APOEL Nikosia,40,5,11,24,-55,-55,27,82,0.675,2.05,40,True,26,0.65,0.125,0.275,0.6,-1.375,0.3416666666666667,1386.1
104,Eintracht Frankfurt,15,7,3,5,2,2,30,28,2.0,1.8666666666666667,15,True,24,1.6,0.4666666666666667,0.2,0.3333333333333333,0.13333333333333333,0.5285714285714286,1519.9
105,RC Lens,18,6,6,6,-6,-6,22,28,1.2222222222222223,1.5555555555555556,18,True,24,1.3333333333333333,0.3333333333333333,0.3333333333333333,0.3333333333333333,-0.3333333333333333,0.5,1500.0
106,FC Wacker Innsbruck,22,7,3,12,-12,-12,34,46,1.5454545454545454,2.090909090909091,22,True,24,1.0909090909090908,0.3181818181818182,0.13636363636363635,0.5454545454545454,-0.5454545454545454,0.44047619047619047,1458.4
107,OGC Nice,14,7,2,5,4,4,29,25,2.071428571428572,1.7857142857142858,14,True,23,1.6428571428571428,0.5,0.14285714285714285,0.35714285714285715,0.2857142857142857,0.5294117647058824,1520.5
108,Slovan Bratislava,16,7,2,7,-4,-4,21,25,1.3125,1.5625,16,True,23,1.4375,0.4375,0.125,0.4375,-0.25,0.5,1500.0
109,Sturm Graz,24,7,2,15,-33,-33,20,53,0.8333333333333334,2.208333333333333,24,True,23,0.9583333333333334,0.2916666666666667,0.08333333333333333,0.625,-1.375,0.4090909090909091,1436.1
110,Győri ETO FC,14,7,1,6,-3,-3,27,30,1.9285714285714288,2.142857142857143,14,True,22,1.5714285714285714,0.5,0.07142857142857142,0.42857142857142855,-0.21428571428571427,0.5147058823529411,1510.2
111,Servette FC,17,6,4,7,-3,-3,27,30,1.588235294117647,1.7647058823529411,17,True,22,1.2941176470588236,0.35294117647058826,0.23529411764705882,0.4117647058823529,-0.17647058823529413,0.4864864864864865,1490.6
112,Aarhus GF,18,6,4,8,-3,-3,22,25,1.2222222222222223,1.3888888888888888,18,True,22,1.2222222222222223,0.3333333333333333,0.2222222222222222,0.4444444444444444,-0.16666666666666666,0.47368421052631576,1481.7
113,1. FC Frankfurt (Oder),21,7,1,12,-9,-9,23,32,1.0952380952380951,1.5238095238095235,20,False,22,1.0476190476190477,0.3333333333333333,0.047619047619047616,0.5714285714285714,-0.42857142857142855,0.4268292682926829,1448.8
114,Lech Poznań,16,7,1,8,-9,-9,22,31,1.375,1.9375,16,True,22,1.375,0.4375,0.0625,0.5,-0.5625,0.4861111111111111,1490.3
115,AJ Auxerre,20,7,1,12,-14,-14,16,30,0.8,1.5,20,True,22,1.1,0.35,0.05,0.6,-0.7,0.4375,1456.3
116,Jeunesse Esch,39,6,3,30,-90,-90,44,134,1.1282051282051282,3.435897435897436,39,True,21,0.5384615384615384,0.15384615384615385,0.07692307692307693,0.7692307692307693,-2.3076923076923075,0.2966101694915254,1350.0
117,Sampdoria,11,6,2,3,11,11,21,10,1.9090909090909087,0.9090909090909092,11,True,20,1.8181818181818181,0.5454545454545454,0.18181818181818182,0.2727272727272727,1.0,0.5483870967741935,1533.7
118,Derby County,12,6,2,4,6,6,18,12,1.5,1.0,12,True,20,1.6666666666666667,0.5,0.16666666666666666,0.3333333333333333,0.5,0.53125,1521.7
119,1. FC Kaiserslautern,12,6,2,4,2,2,18,16,1.5,1.3333333333333333,12,True,20,1.6666666666666667,0.5,0.16666666666666666,0.3333333333333333,0.16666666666666666,0.53125,1521.7
120,Brøndby IF,20,5,5,10,-13,-13,22,35,1.1,1.75,20,True,20,1.0,0.25,0.25,0.5,-0.65,0.4375,1456.3
121,HJK Helsinki,28,6,2,20,-46,-46,26,72,0.9285714285714286,2.571428571428572,28,True,20,0.7142857142857143,0.21428571428571427,0.07142857142857142,0.7142857142857143,-1.6428571428571428,0.3541666666666667,1395.6
122,Erzgebirge Aue,16,5,4,7,3,3,26,23,1.625,1.4375,16,True,19,1.1875,0.3125,0.25,0.4375,0.1875,0.4722222222222222,1480.7
123,Aberdeen FC,12,5,4,3,2,2,14,12,1.1666666666666667,1.0,12,True,19,1.5833333333333333,0.4166666666666667,0.3333333333333333,0.25,0.16666666666666666,0.53125,1521.7
124,Ruch Chorzów,14,5,4,5,-5,-5,20,25,1.4285714285714286,1.7857142857142858,14,True,19,1.3571428571428572,0.35714285714285715,0.2857142857142857,0.35714285714285715,-0.35714285714285715,0.5,1500.0
125,BATE Borisov,30,4,7,19,-52,-52,22,74,0.7333333333333333,2.466666666666667,30,True,19,0.6333333333333333,0.13333333333333333,0.23333333333333334,0.6333333333333333,-1.7333333333333334,0.35,1392.5
126,Dnipro Dnipropetrovsk,12,5,3,4,2,2,15,13,1.25,1.0833333333333333,12,True,18,1.5,0.4166666666666667,0.25,0.3333333333333333,0.16666666666666666,0.515625,1510.9
127,Baník Ostrava,14,5,3,6,-5,-5,18,23,1.2857142857142858,1.6428571428571428,14,True,18,1.2857142857142858,0.35714285714285715,0.21428571428571427,0.42857142857142855,-0.35714285714285715,0.4852941176470588,1489.8
128,CFR Cluj,18,5,3,10,-8,-8,20,28,1.1111111111111112,1.5555555555555556,18,True,18,1.0,0.2777777777777778,0.16666666666666666,0.5555555555555556,-0.4444444444444444,0.4342105263157895,1454.0
129,Boavista,18,4,6,8,-11,-11,14,25,0.7777777777777778,1.3888888888888888,18,True,18,1.0,0.2222222222222222,0.3333333333333333,0.4444444444444444,-0.6111111111111112,0.4473684210526316,1463.3
130,Leicester City,10,5,2,3,1,1,11,10,1.1,1.0,10,True,17,1.7,0.5,0.2,0.3,0.1,0.5333333333333333,1523.2
131,Widzew Łódź,16,5,2,9,-3,-3,27,30,1.6875,1.875,16,True,17,1.0625,0.3125,0.125,0.5625,-0.1875,0.4444444444444444,1461.2
132,Levski Sofia,28,4,5,19,-26,-26,35,61,1.25,2.1785714285714284,28,True,17,0.6071428571428571,0.14285714285714285,0.17857142857142858,0.6785714285714286,-0.9285714285714286,0.34375,1387.7
133,Dundee United,8,5,1,2,9,9,14,5,1.75,0.625,8,True,16,2.0,0.625,0.125,0.25,1.125,0.5535714285714286,1537.4
134,Málaga CF,10,4,4,2,7,7,16,9,1.6,0.9,10,True,16,1.6,0.4,0.4,0.2,0.7,0.5333333333333333,1523.2
135,MTK Budapest,10,5,1,4,4,4,26,22,2.6,2.2,10,True,16,1.6,0.5,0.1,0.4,0.4,0.5166666666666667,1511.6
136,Wiener Sport-Club,12,4,4,4,3,3,21,18,1.75,1.5,12,True,16,1.3333333333333333,0.3333333333333333,0.3333333333333333,0.3333333333333333,0.25,0.5,1500.0
137,1. FC Nürnberg,8,5,1,2,2,2,16,14,2.0,1.75,8,True,16,2.0,0.625,0.125,0.25,0.25,0.5535714285714286,1537.4
138,Vojvodina,9,5,1,3,1,1,10,9,1.1111111111111112,1.0,9,True,16,1.7777777777777777,0.5555555555555556,0.1111111111111111,0.3333333333333333,0.1111111111111111,0.5344827586206896,1524.0
139,FC Kuusysi (old),14,5,1,8,-13,-13,12,25,0.8571428571428571,1.7857142857142858,14,True,16,1.1428571428571428,0.35714285714285715,0.07142857142857142,0.5714285714285714,-0.9285714285714286,0.45588235294117646,1469.3
140,Sporting Braga,18,5,1,12,-18,-18,18,36,1.0,2.0,18,True,16,0.8888888888888888,0.2777777777777778,0.05555555555555555,0.6666666666666666,-1.0,0.40789473684210525,1435.3
141,FC Ararat,6,5,0,1,9,9,14,5,2.333333333333333,0.8333333333333334,6,True,15,2.5,0.8333333333333334,0.0,0.16666666666666666,1.5,0.5769230769230769,1553.9
142,Dundee FC,8,5,0,3,6,6,20,14,2.5,1.75,8,True,15,1.875,0.625,0.0,0.375,0.75,0.5357142857142857,1524.9
143,FC Carl Zeiss Jena,8,5,0,3,1,1,12,11,1.5,1.375,8,True,15,1.875,0.625,0.0,0.375,0.125,0.5357142857142857,1524.9
144,Glentoran FC,20,3,6,11,-19,-19,18,37,0.9,1.85,20,True,15,0.75,0.15,0.3,0.55,-0.95,0.4,1429.6
145,Viktoria Plzeň,24,4,3,17,-46,-46,23,69,0.9583333333333334,2.875,24,True,15,0.625,0.16666666666666666,0.125,0.7083333333333334,-1.9166666666666667,0.3522727272727273,1394.2
146,FC Universitatea Craiova,12,4,2,6,-3,-3,14,17,1.1666666666666667,1.4166666666666667,12,True,14,1.1666666666666667,0.3333333333333333,0.16666666666666666,0.5,-0.25,0.46875,1478.3
147,Lillestrøm SK,12,3,5,4,-5,-5,10,15,0.8333333333333334,1.25,12,True,14,1.1666666666666667,0.25,0.4166666666666667,0.3333333333333333,-0.4166666666666667,0.484375,1489.1
148,AFC DWS,6,4,1,1,9,9,13,4,2.1666666666666665,0.6666666666666666,6,True,13,2.1666666666666665,0.6666666666666666,0.16666666666666666,0.16666666666666666,1.5,0.5576923076923077,1540.3
149,Vejle BK,12,3,4,5,-9,-9,13,22,1.0833333333333333,1.8333333333333333,12,True,13,1.0833333333333333,0.25,0.3333333333333333,0.4166666666666667,-0.75,0.46875,1478.3
150,Sliema Wanderers,14,4,1,9,-25,-25,10,35,0.7142857142857143,2.5,14,True,13,0.9285714285714286,0.2857142857142857,0.07142857142857142,0.6428571428571429,-1.7857142857142858,0.4264705882352941,1448.5
151,Argeș Pitești,8,4,0,4,3,3,13,10,1.625,1.25,8,True,12,1.5,0.5,0.0,0.5,0.375,0.5,1500.0
152,Dinamo Minsk,8,3,3,2,2,2,16,14,2.0,1.75,8,True,12,1.5,0.375,0.375,0.25,0.25,0.5178571428571429,1512.4
153,Neuchâtel Xamax FCS,8,4,0,4,1,1,14,13,1.75,1.625,8,True,12,1.5,0.5,0.0,0.5,0.125,0.5,1500.0
154,Åtvidabergs FF,8,4,0,4,0,0,12,12,1.5,1.5,8,True,12,1.5,0.5,0.0,0.5,0.0,0.5,1500.0
155,Rubin Kazan,12,2,6,4,-5,-5,6,11,0.5,0.9166666666666666,12,True,12,1.0,0.16666666666666666,0.5,0.3333333333333333,-0.4166666666666667,0.46875,1478.3
156,KF Tiranë,16,3,3,10,-10,-10,14,24,0.875,1.5,16,True,12,0.75,0.1875,0.1875,0.625,-0.625,0.4027777777777778,1431.6
157,Esbjerg fB,12,3,3,6,-17,-17,11,28,0.9166666666666666,2.333333333333333,12,True,12,1.0,0.25,0.25,0.5,-1.4166666666666667,0.453125,1467.3
158,Everton FC,8,2,5,1,6,6,12,6,1.5,0.75,8,True,11,1.375,0.25,0.625,0.125,0.75,0.5178571428571429,1512.4
159,AZ Alkmaar,10,2,5,3,-2,-2,12,14,1.2,1.4,10,True,11,1.1,0.2,0.5,0.3,-0.2,0.48333333333333334,1488.4
160,IFK Norrköping,12,2,5,5,-6,-6,14,20,1.1666666666666667,1.6666666666666667,12,True,11,0.9166666666666666,0.16666666666666666,0.4166666666666667,0.4166666666666667,-0.5,0.453125,1467.3
161,FK Partizani,14,3,2,9,-19,-19,7,26,0.5,1.8571428571428568,14,True,11,0.7857142857142857,0.21428571428571427,0.14285714285714285,0.6428571428571429,-1.3571428571428572,0.4117647058823529,1438.0
162,Hibernian FC,6,3,1,2,4,4,9,5,1.5,0.8333333333333334,6,True,10,1.6666666666666667,0.5,0.16666666666666666,0.3333333333333333,0.6666666666666666,0.5192307692307693,1513.4
163,RC Strasbourg,6,3,1,2,2,2,8,6,1.3333333333333333,1.0,6,True,10,1.6666666666666667,0.5,0.16666666666666666,0.3333333333333333,0.3333333333333333,0.5192307692307693,1513.4
164,IFK Malmö,6,3,1,2,0,0,7,7,1.1666666666666667,1.1666666666666667,6,True,10,1.6666666666666667,0.5,0.16666666666666666,0.3333333333333333,0.0,0.5192307692307693,1513.4
165,KAA Gent,8,3,1,4,-1,-1,10,11,1.25,1.375,8,True,10,1.25,0.375,0.125,0.5,-0.125,0.48214285714285715,1487.6
166,Lokomotiv Sofia,8,3,1,4,-2,-2,19,21,2.375,2.625,8,True,10,1.25,0.375,0.125,0.5,-0.25,0.48214285714285715,1487.6
167,Hertha BSC,12,2,4,6,-8,-8,10,18,0.8333333333333334,1.5,12,True,10,0.8333333333333334,0.16666666666666666,0.3333333333333333,0.5,-0.6666666666666666,0.4375,1456.3
168,Aalborg BK,12,2,4,6,-12,-12,14,26,1.1666666666666667,2.1666666666666665,12,True,10,0.8333333333333334,0.16666666666666666,0.3333333333333333,0.5,-1.0,0.4375,1456.3
169,Maccabi Haifa,18,3,1,14,-22,-22,19,41,1.0555555555555556,2.2777777777777777,18,True,10,0.5555555555555556,0.16666666666666666,0.05555555555555555,0.7777777777777778,-1.2222222222222223,0.35526315789473684,1396.5
170,NK Maribor,18,1,7,10,-32,-32,9,41,0.5,2.2777777777777777,18,True,10,0.5555555555555556,0.05555555555555555,0.3888888888888889,0.5555555555555556,-1.7777777777777777,0.3815789473684211,1416.1
171,Ipswich Town,4,3,0,1,11,11,16,5,4.0,1.25,4,True,9,2.25,0.75,0.0,0.25,2.75,0.5416666666666666,1529.0
172,TSV 1860 München,4,3,0,1,8,8,12,4,3.0,1.0,4,True,9,2.25,0.75,0.0,0.25,2.0,0.5416666666666666,1529.0
173,KV Mechelen,6,2,3,1,6,6,9,3,1.5,0.5,6,True,9,1.5,0.3333333333333333,0.5,0.16666666666666666,1.0,0.5192307692307693,1513.4
174,Bohemians Praha 1905,4,3,0,1,5,5,7,2,1.75,0.5,4,True,9,2.25,0.75,0.0,0.25,1.25,0.5416666666666666,1529.0
175,1. FC Magdeburg,8,3,0,5,4,4,15,11,1.875,1.375,8,True,9,1.125,0.375,0.0,0.625,0.5,0.4642857142857143,1475.1
176,Sparta Rotterdam,6,3,0,3,1,1,12,11,2.0,1.8333333333333333,6,True,9,1.5,0.5,0.0,0.5,0.16666666666666666,0.5,1500.0
177,Parma Calcio 1913,6,2,3,1,1,1,6,5,1.0,0.8333333333333334,6,True,9,1.5,0.3333333333333333,0.5,0.16666666666666666,0.16666666666666666,0.5192307692307693,1513.4
178,RC Celta,8,2,3,3,-2,-2,9,11,1.125,1.375,8,True,9,1.125,0.25,0.375,0.375,-0.25,0.48214285714285715,1487.6
179,Polonia Bytom,6,3,0,3,-4,-4,8,12,1.3333333333333333,2.0,6,True,9,1.5,0.5,0.0,0.5,-0.6666666666666666,0.5,1500.0
180,RCD Mallorca,6,3,0,3,-5,-5,4,9,0.6666666666666666,1.5,6,True,9,1.5,0.5,0.0,0.5,-0.8333333333333334,0.5,1500.0
181,Waterford FC,12,3,0,9,-21,-21,14,35,1.1666666666666667,2.9166666666666665,12,True,9,0.75,0.25,0.0,0.75,-1.75,0.40625,1434.1
182,ÍA Akranes,16,2,3,11,-24,-24,15,39,0.9375,2.4375,16,True,9,0.5625,0.125,0.1875,0.6875,-1.5,0.375,1411.3
183,Dundalk FC,16,2,3,11,-30,-30,10,40,0.625,2.5,16,True,9,0.5625,0.125,0.1875,0.6875,-1.875,0.375,1411.3
184,Valur Reykjavík,16,2,3,11,-41,-41,9,50,0.5625,3.125,16,True,9,0.5625,0.125,0.1875,0.6875,-2.5625,0.375,1411.3
185,KSK Beveren,6,2,2,2,3,3,11,8,1.8333333333333333,1.3333333333333333,6,True,8,1.3333333333333333,0.3333333333333333,0.3333333333333333,0.3333333333333333,0.5,0.5,1500.0
186,FC Unirea,6,2,2,2,0,0,8,8,1.3333333333333333,1.3333333333333333,6,True,8,1.3333333333333333,0.3333333333333333,0.3333333333333333,0.3333333333333333,0.0,0.5,1500.0
187,Wisła Kraków,6,2,2,2,-1,-1,10,11,1.6666666666666667,1.8333333333333333,6,True,8,1.3333333333333333,0.3333333333333333,0.3333333333333333,0.3333333333333333,-0.16666666666666666,0.5,1500.0
188,Wolverhampton Wanderers,8,2,2,4,-4,-4,12,16,1.5,2.0,8,True,8,1.0,0.25,0.25,0.5,-0.5,0.4642857142857143,1475.1
189,KB København,11,2,2,7,-11,-11,14,25,1.2727272727272727,2.272727272727273,11,True,8,0.7272727272727273,0.18181818181818182,0.18181818181818182,0.6363636363636364,-1.0,0.41935483870967744,1443.5
190,FC Reipas Lahti (old),8,2,2,4,-22,-22,8,30,1.0,3.75,8,True,8,1.0,0.25,0.25,0.5,-2.75,0.4642857142857143,1475.1
191,KRC Genk,18,0,8,10,-36,-36,9,45,0.5,2.5,18,True,8,0.4444444444444444,0.0,0.4444444444444444,0.5555555555555556,-2.0,0.3684210526315789,1406.4
192,Inter Bratislava,4,2,1,1,2,2,8,6,2.0,1.5,4,True,7,1.75,0.5,0.25,0.25,0.5,0.5208333333333334,1514.5
193,Lyngby BK,6,2,1,3,2,2,7,5,1.1666666666666667,0.8333333333333334,6,True,7,1.1666666666666667,0.3333333333333333,0.16666666666666666,0.5,0.3333333333333333,0.4807692307692308,1486.6
194,Zorya Lugansk,4,2,1,1,2,2,3,1,0.75,0.25,4,True,7,1.75,0.5,0.25,0.25,0.5,0.5208333333333334,1514.5
195,FC Sion,4,2,1,1,1,1,9,8,2.25,2.0,4,True,7,1.75,0.5,0.25,0.25,0.25,0.5208333333333334,1514.5
196,Hellas Verona,4,2,1,1,1,1,5,4,1.25,1.0,4,True,7,1.75,0.5,0.25,0.25,0.25,0.5208333333333334,1514.5
197,MFK Vítkovice,4,2,1,1,-1,-1,4,5,1.0,1.25,4,True,7,1.75,0.5,0.25,0.25,-0.25,0.5208333333333334,1514.5
198,Udinese Calcio,6,2,1,3,-2,-2,10,12,1.6666666666666667,2.0,6,True,7,1.1666666666666667,0.3333333333333333,0.16666666666666666,0.5,-0.3333333333333333,0.4807692307692308,1486.6
199,B 1903 København,8,2,1,5,-4,-4,7,11,0.875,1.375,8,True,7,0.875,0.25,0.125,0.625,-0.5,0.44642857142857145,1462.6
200,FC Sheriff,6,2,1,3,-4,-4,7,11,1.1666666666666667,1.8333333333333333,6,True,7,1.1666666666666667,0.3333333333333333,0.16666666666666666,0.5,-0.6666666666666666,0.4807692307692308,1486.6
201,Real Betis,6,2,1,3,-4,-4,3,7,0.5,1.1666666666666667,6,True,7,1.1666666666666667,0.3333333333333333,0.16666666666666666,0.5,-0.6666666666666666,0.4807692307692308,1486.6
202,Hvidovre IF,8,1,4,3,-6,-6,13,19,1.625,2.375,8,True,7,0.875,0.125,0.5,0.375,-0.75,0.4642857142857143,1475.1
203,Petrolul Ploieşti,8,2,1,5,-7,-7,8,15,1.0,1.875,8,True,7,0.875,0.25,0.125,0.625,-0.875,0.44642857142857145,1462.6
204,Djurgårdens IF,8,2,1,5,-9,-9,7,16,0.875,2.0,8,True,7,0.875,0.25,0.125,0.625,-1.125,0.44642857142857145,1462.6
205,Slavia Praha,12,1,4,7,-17,-17,9,26,0.75,2.1666666666666665,12,True,7,0.5833333333333334,0.08333333333333333,0.3333333333333333,0.5833333333333334,-1.4166666666666667,0.40625,1434.1
206,PFC Ludogorets Razgrad,12,1,4,7,-18,-18,11,29,0.9166666666666666,2.4166666666666665,12,True,7,0.5833333333333334,0.08333333333333333,0.3333333333333333,0.5833333333333334,-1.5,0.40625,1434.1
207,Zbrojovka Brno,4,1,3,0,2,2,7,5,1.75,1.25,4,True,6,1.5,0.25,0.75,0.0,0.5,0.5208333333333334,1514.5
208,B 1913 Odense,4,2,0,2,1,1,15,14,3.75,3.5,4,True,6,1.5,0.5,0.0,0.5,0.25,0.5,1500.0
209,Burnley FC,4,2,0,2,0,0,8,8,2.0,2.0,4,True,6,1.5,0.5,0.0,0.5,0.0,0.5,1500.0
210,Cagliari Calcio,4,2,0,2,0,0,5,5,1.25,1.25,4,True,6,1.5,0.5,0.0,0.5,0.0,0.5,1500.0
211,Eintracht Braunschweig,5,2,0,3,0,0,5,5,1.0,1.0,5,True,6,1.2,0.4,0.0,0.6,0.0,0.48,1486.1
212,FC Twente,6,1,3,2,-2,-2,9,11,1.5,1.8333333333333333,6,True,6,1.0,0.16666666666666666,0.5,0.3333333333333333,-0.3333333333333333,0.4807692307692308,1486.6
213,RWDM Brussels FC,4,2,0,2,-3,-3,6,9,1.5,2.25,4,True,6,1.5,0.5,0.0,0.5,-0.75,0.5,1500.0
214,FC Petržalka,6,1,3,2,-4,-4,5,9,0.8333333333333334,1.5,6,True,6,1.0,0.16666666666666666,0.5,0.3333333333333333,-0.6666666666666666,0.4807692307692308,1486.6
215,Anorthosis Famagusta,8,1,3,4,-5,-5,9,14,1.125,1.75,8,True,6,0.75,0.125,0.375,0.5,-0.625,0.44642857142857145,1462.6
216,Lyn Oslo,10,2,0,8,-27,-27,14,41,1.4,4.1,10,True,6,0.6,0.2,0.0,0.8,-2.7,0.4,1429.6
217,Torino FC,4,1,2,1,0,0,4,4,1.0,1.0,4,True,5,1.25,0.25,0.5,0.25,0.0,0.5,1500.0
218,FK Sarajevo,6,1,2,3,-1,-1,8,9,1.3333333333333333,1.5,6,True,5,0.8333333333333334,0.16666666666666666,0.3333333333333333,0.5,-0.16666666666666666,0.46153846153846156,1473.2
219,Hapoel Tel Aviv,6,1,2,3,-3,-3,7,10,1.1666666666666667,1.6666666666666667,6,True,5,0.8333333333333334,0.16666666666666666,0.3333333333333333,0.5,-0.5,0.46153846153846156,1473.2
220,Gwardia Warszawa,5,1,2,2,-3,-3,6,9,1.2,1.8,5,True,5,1.0,0.2,0.4,0.4,-0.6,0.48,1486.1
221,Kilmarnock FC,4,1,2,1,-3,-3,4,7,1.0,1.75,4,True,5,1.25,0.25,0.5,0.25,-0.75,0.5,1500.0
222,FC Hradec Králové,4,1,2,1,-3,-3,2,5,0.5,1.25,4,True,5,1.25,0.25,0.5,0.25,-0.75,0.5,1500.0
223,FC La Chaux-de-Fonds,4,1,2,1,-4,-4,5,9,1.25,2.25,4,True,5,1.25,0.25,0.5,0.25,-1.0,0.5,1500.0
224,FK Krasnodar,6,1,2,3,-5,-5,6,11,1.0,1.8333333333333333,6,True,5,0.8333333333333334,0.16666666666666666,0.3333333333333333,0.5,-0.8333333333333334,0.46153846153846156,1473.2
225,FK Rostov,6,1,2,3,-6,-6,6,12,1.0,2.0,6,True,5,0.8333333333333334,0.16666666666666666,0.3333333333333333,0.5,-1.0,0.46153846153846156,1473.2
226,Helsingborgs IF,6,1,2,3,-8,-8,6,14,1.0,2.333333333333333,6,True,5,0.8333333333333334,0.16666666666666666,0.3333333333333333,0.5,-1.3333333333333333,0.46153846153846156,1473.2
227,Bohemian FC,6,1,2,3,-9,-9,4,13,0.6666666666666666,2.1666666666666665,6,True,5,0.8333333333333334,0.16666666666666666,0.3333333333333333,0.5,-1.5,0.46153846153846156,1473.2
228,Viking FK,14,1,2,11,-18,-18,11,29,0.7857142857142857,2.071428571428572,14,True,5,0.35714285714285715,0.07142857142857142,0.14285714285714285,0.7857142857142857,-1.2857142857142858,0.35294117647058826,1394.7
229,Hibernians FC,12,1,2,9,-28,-28,8,36,0.6666666666666666,3.0,12,True,5,0.4166666666666667,0.08333333333333333,0.16666666666666666,0.75,-2.3333333333333335,0.375,1411.3
230,Rapid Bucureşti,4,1,1,2,0,0,3,3,0.75,0.75,4,True,4,1.0,0.25,0.25,0.5,0.0,0.4791666666666667,1485.5
231,Spartak Plovdiv,4,1,1,2,0,0,3,3,0.75,0.75,4,True,4,1.0,0.25,0.25,0.5,0.0,0.4791666666666667,1485.5
232,Bologna FC,3,1,1,1,0,0,2,2,0.6666666666666666,0.6666666666666666,3,True,4,1.3333333333333333,0.3333333333333333,0.3333333333333333,0.3333333333333333,0.0,0.5,1500.0
233,AB Gladsaxe,4,1,1,2,-1,-1,4,5,1.0,1.25,4,True,4,1.0,0.25,0.25,0.5,-0.25,0.4791666666666667,1485.5
234,Halmstads BK,4,1,1,2,-2,-2,4,6,1.0,1.5,4,True,4,1.0,0.25,0.25,0.5,-0.5,0.4791666666666667,1485.5
235,Blackburn Rovers,6,1,1,4,-3,-3,5,8,0.8333333333333334,1.3333333333333333,6,True,4,0.6666666666666666,0.16666666666666666,0.16666666666666666,0.6666666666666666,-0.5,0.4423076923076923,1459.7
236,FC Thun Berner Oberland,6,1,1,4,-5,-5,4,9,0.6666666666666666,1.5,6,True,4,0.6666666666666666,0.16666666666666666,0.16666666666666666,0.6666666666666666,-0.8333333333333334,0.4423076923076923,1459.7
237,FK Astana,6,0,4,2,-6,-6,5,11,0.8333333333333334,1.8333333333333333,6,True,4,0.6666666666666666,0.0,0.6666666666666666,0.3333333333333333,-1.0,0.46153846153846156,1473.2
238,sc Heerenveen,6,1,1,4,-6,-6,3,9,0.5,1.5,6,True,4,0.6666666666666666,0.16666666666666666,0.16666666666666666,0.6666666666666666,-1.0,0.4423076923076923,1459.7
239,PAOK Saloniki,6,1,1,4,-7,-7,5,12,0.8333333333333334,2.0,6,True,4,0.6666666666666666,0.16666666666666666,0.16666666666666666,0.6666666666666666,-1.1666666666666667,0.4423076923076923,1459.7
240,Östers IF,8,1,1,6,-11,-11,3,14,0.375,1.75,8,True,4,0.5,0.125,0.125,0.75,-1.375,0.4107142857142857,1437.3
241,AIK Solna,8,1,1,6,-13,-13,5,18,0.625,2.25,8,True,4,0.5,0.125,0.125,0.75,-1.625,0.4107142857142857,1437.3
242,Fredrikstad FK,8,1,1,6,-16,-16,6,22,0.75,2.75,8,True,4,0.5,0.125,0.125,0.75,-2.0,0.4107142857142857,1437.3
243,Shamrock Rovers,14,0,4,10,-21,-21,7,28,0.5,2.0,14,True,4,0.2857142857142857,0.0,0.2857142857142857,0.7142857142857143,-1.5,0.35294117647058826,1394.7
244,Maccabi Tel Aviv,14,1,1,12,-27,-27,5,32,0.3571428571428571,2.2857142857142856,14,True,4,0.2857142857142857,0.07142857142857142,0.07142857142857142,0.8571428571428571,-1.9285714285714286,0.3382352941176471,1383.4
245,AE Lárissa,2,1,0,1,0,0,3,3,1.5,1.5,2,True,3,1.5,0.5,0.0,0.5,0.0,0.5,1500.0
246,Dinamo Tbilisi,4,1,0,3,-1,-1,7,8,1.75,2.0,4,True,3,0.75,0.25,0.0,0.75,-0.25,0.4583333333333333,1471.0
247,FK Vllaznia,2,1,0,1,-1,-1,3,4,1.5,2.0,2,True,3,1.5,0.5,0.0,0.5,-0.5,0.5,1500.0
248,Torpedo Moskva,4,0,3,1,-1,-1,0,1,0.0,0.25,4,True,3,0.75,0.0,0.75,0.25,-0.25,0.4791666666666667,1485.5
249,1. FC Saarbrücken,2,1,0,1,-2,-2,5,7,2.5,3.5,2,True,3,1.5,0.5,0.0,0.5,-1.0,0.5,1500.0
250,Zagłębie Lubin,2,1,0,1,-2,-2,2,4,1.0,2.0,2,True,3,1.5,0.5,0.0,0.5,-1.0,0.5,1500.0
251,Hansa Rostock,2,1,0,1,-2,-2,1,3,0.5,1.5,2,True,3,1.5,0.5,0.0,0.5,-1.0,0.5,1500.0
252,KA Akureyri,2,1,0,1,-2,-2,1,3,0.5,1.5,2,True,3,1.5,0.5,0.0,0.5,-1.0,0.5,1500.0
253,1899 Hoffenheim,6,0,3,3,-3,-3,11,14,1.8333333333333333,2.333333333333333,6,True,3,0.5,0.0,0.5,0.5,-0.5,0.4423076923076923,1459.7
254,Botev Plovdiv,4,1,0,3,-3,-3,5,8,1.25,2.0,4,True,3,0.75,0.25,0.0,0.75,-0.75,0.4583333333333333,1471.0
255,Apollon Limassol,4,1,0,3,-3,-3,4,7,1.0,1.75,4,True,3,0.75,0.25,0.0,0.75,-0.75,0.4583333333333333,1471.0
256,Szombierki Bytom,4,1,0,3,-3,-3,4,7,1.0,1.75,4,True,3,0.75,0.25,0.0,0.75,-0.75,0.4583333333333333,1471.0
257,FC Differdange 03,2,1,0,1,-4,-4,3,7,1.5,3.5,2,True,3,1.5,0.5,0.0,0.5,-2.0,0.5,1500.0
258,ŁKS Łódź,2,1,0,1,-4,-4,2,6,1.0,3.0,2,True,3,1.5,0.5,0.0,0.5,-2.0,0.5,1500.0
259,Heart of Midlothian,4,1,0,3,-7,-7,4,11,1.0,2.75,4,True,3,0.75,0.25,0.0,0.75,-1.75,0.4583333333333333,1471.0
260,Molde FK,6,1,0,5,-8,-8,6,14,1.0,2.333333333333333,6,True,3,0.5,0.16666666666666666,0.0,0.8333333333333334,-1.3333333333333333,0.4230769230769231,1446.1
261,İstanbul Başakşehir,6,1,0,5,-11,-11,7,18,1.1666666666666667,3.0,6,True,3,0.5,0.16666666666666666,0.0,0.8333333333333334,-1.8333333333333333,0.4230769230769231,1446.1
262,Derry City,6,1,0,5,-15,-15,9,24,1.5,4.0,6,True,3,0.5,0.16666666666666666,0.0,0.8333333333333334,-2.5,0.4230769230769231,1446.1
263,Royal Antwerp FC,8,1,0,7,-18,-18,7,25,0.875,3.125,8,True,3,0.375,0.125,0.0,0.875,-2.25,0.39285714285714285,1424.4
264,TPS Turku,8,1,0,7,-19,-19,4,23,0.5,2.875,8,True,3,0.375,0.125,0.0,0.875,-2.375,0.39285714285714285,1424.4
265,Haka Valkeakoski,8,1,0,7,-21,-21,7,28,0.875,3.5,8,True,3,0.375,0.125,0.0,0.875,-2.625,0.39285714285714285,1424.4
266,Drumcondra Dublin,6,1,0,5,-22,-22,3,25,0.5,4.166666666666667,6,True,3,0.5,0.16666666666666666,0.0,0.8333333333333334,-3.6666666666666665,0.4230769230769231,1446.1
267,Hamrun Spartans,8,1,0,7,-24,-24,2,26,0.25,3.25,8,True,3,0.375,0.125,0.0,0.875,-3.0,0.39285714285714285,1424.4
268,Spora Luxemburg,7,1,0,6,-29,-29,7,36,1.0,5.142857142857143,7,True,3,0.42857142857142855,0.14285714285714285,0.0,0.8571428571428571,-4.142857142857143,0.4074074074074074,1434.9
269,Valletta FC,10,1,0,9,-38,-38,5,43,0.5,4.3,10,True,3,0.3,0.1,0.0,0.9,-3.8,0.36666666666666664,1405.1
270,Floriana FC,14,0,3,11,-48,-48,3,51,0.2142857142857142,3.642857142857143,14,True,3,0.21428571428571427,0.0,0.21428571428571427,0.7857142857142857,-3.4285714285714284,0.3382352941176471,1383.4
271,Flamurtari Vlorë,2,0,2,0,0,0,1,1,0.5,0.5,2,True,2,1.0,0.0,1.0,0.0,0.0,0.5,1500.0
272,1. FC Union Berlin,6,0,2,4,-4,-4,6,10,1.0,1.6666666666666667,6,True,2,0.3333333333333333,0.0,0.3333333333333333,0.6666666666666666,-0.6666666666666666,0.4230769230769231,1446.1
273,Montpellier HSC,6,0,2,4,-6,-6,6,12,1.0,2.0,6,True,2,0.3333333333333333,0.0,0.3333333333333333,0.6666666666666666,-1.0,0.4230769230769231,1446.1
274,Athlone Town,4,0,2,2,-7,-7,7,14,1.75,3.5,4,True,2,0.5,0.0,0.5,0.5,-1.75,0.4583333333333333,1471.0
275,Willem II,6,0,2,4,-8,-8,7,15,1.1666666666666667,2.5,6,True,2,0.3333333333333333,0.0,0.3333333333333333,0.6666666666666666,-1.3333333333333333,0.4230769230769231,1446.1
276,Vålerenga IF,6,0,2,4,-9,-9,5,14,0.8333333333333334,2.333333333333333,6,True,2,0.3333333333333333,0.0,0.3333333333333333,0.6666666666666666,-1.5,0.4230769230769231,1446.1
277,FC Midtjylland,6,0,2,4,-9,-9,4,13,0.6666666666666666,2.1666666666666665,6,True,2,0.3333333333333333,0.0,0.3333333333333333,0.6666666666666666,-1.5,0.4230769230769231,1446.1
278,Qarabağ FK,6,0,2,4,-12,-12,2,14,0.3333333333333333,2.333333333333333,6,True,2,0.3333333333333333,0.0,0.3333333333333333,0.6666666666666666,-2.0,0.4230769230769231,1446.1
279,UTA Arad,6,0,2,4,-14,-14,3,17,0.5,2.833333333333333,6,True,2,0.3333333333333333,0.0,0.3333333333333333,0.6666666666666666,-2.3333333333333335,0.4230769230769231,1446.1
280,Fram Reykjavík,8,0,2,6,-24,-24,4,28,0.5,3.5,8,True,2,0.25,0.0,0.25,0.75,-3.0,0.39285714285714285,1424.4
281,Csepel SC,2,0,1,1,-1,-1,3,4,1.5,2.0,2,True,1,0.5,0.0,0.5,0.5,-0.5,0.4772727272727273,1484.2
282,ÍBV Vestmannaeyjar,2,0,1,1,-1,-1,1,2,0.5,1.0,2,True,1,0.5,0.0,0.5,0.5,-0.5,0.4772727272727273,1484.2
283,Skeid Fotball,2,0,1,1,-1,-1,1,2,0.5,1.0,2,True,1,0.5,0.0,0.5,0.5,-0.5,0.4772727272727273,1484.2
284,FC Aarau,2,0,1,1,-1,-1,0,1,0.0,0.5,2,True,1,0.5,0.0,0.5,0.5,-0.5,0.4772727272727273,1484.2
285,FC Admira Wacker,2,0,1,1,-1,-1,0,1,0.0,0.5,2,True,1,0.5,0.0,0.5,0.5,-0.5,0.4772727272727273,1484.2
286,Etar Veliko Tarnovo,2,0,1,1,-2,-2,1,3,0.5,1.5,2,True,1,0.5,0.0,0.5,0.5,-1.0,0.4772727272727273,1484.2
287,PFC Beroe,2,0,1,1,-2,-2,1,3,0.5,1.5,2,True,1,0.5,0.0,0.5,0.5,-1.0,0.4772727272727273,1484.2
288,Śląsk Wrocław,2,0,1,1,-3,-3,2,5,1.0,2.5,2,True,1,0.5,0.0,0.5,0.5,-1.5,0.4772727272727273,1484.2
289,Glenavon FC,2,0,1,1,-3,-3,0,3,0.0,1.5,2,True,1,0.5,0.0,0.5,0.5,-1.5,0.4772727272727273,1484.2
290,Rot-Weiss Essen,2,0,1,1,-4,-4,1,5,0.5,2.5,2,True,1,0.5,0.0,0.5,0.5,-2.0,0.4772727272727273,1484.2
291,St Patrick's Athletic,2,0,1,1,-4,-4,1,5,0.5,2.5,2,True,1,0.5,0.0,0.5,0.5,-2.0,0.4772727272727273,1484.2
292,FC Lausanne-Sport,2,0,1,1,-4,-4,0,4,0.0,2.0,2,True,1,0.5,0.0,0.5,0.5,-2.0,0.4772727272727273,1484.2
293,Lisburn Distillery,2,0,1,1,-5,-5,3,8,1.5,4.0,2,True,1,0.5,0.0,0.5,0.5,-2.5,0.4772727272727273,1484.2
294,FC Blau Weiß Linz,2,0,1,1,-5,-5,0,5,0.0,2.5,2,True,1,0.5,0.0,0.5,0.5,-2.5,0.4772727272727273,1484.2
295,Stade Rennais,6,0,1,5,-8,-8,3,11,0.5,1.8333333333333333,6,True,1,0.16666666666666666,0.0,0.16666666666666666,0.8333333333333334,-1.3333333333333333,0.40384615384615385,1432.3
296,FC Dinamo City,6,0,1,5,-10,-10,1,11,0.1666666666666666,1.8333333333333333,6,True,1,0.16666666666666666,0.0,0.16666666666666666,0.8333333333333334,-1.6666666666666667,0.40384615384615385,1432.3
297,Skonto FC,4,0,1,3,-11,-11,0,11,0.0,2.75,4,True,1,0.25,0.0,0.25,0.75,-2.75,0.4375,1456.3
298,Lierse SK,8,0,1,7,-14,-14,3,17,0.375,2.125,8,True,1,0.125,0.0,0.125,0.875,-1.75,0.375,1411.3
299,Bursaspor,6,0,1,5,-14,-14,2,16,0.3333333333333333,2.6666666666666665,6,True,1,0.16666666666666666,0.0,0.16666666666666666,0.8333333333333334,-2.3333333333333335,0.40384615384615385,1432.3
300,B 1909 Odense,6,0,1,5,-15,-15,6,21,1.0,3.5,6,True,1,0.16666666666666666,0.0,0.16666666666666666,0.8333333333333334,-2.5,0.40384615384615385,1432.3
301,Odense BK,6,0,1,5,-16,-16,4,20,0.6666666666666666,3.333333333333333,6,True,1,0.16666666666666666,0.0,0.16666666666666666,0.8333333333333334,-2.6666666666666665,0.40384615384615385,1432.3
302,Progrès Niedercorn,4,0,1,3,-16,-16,1,17,0.25,4.25,4,True,1,0.25,0.0,0.25,0.75,-4.0,0.4375,1456.3
303,Kuopion PS,6,0,1,5,-17,-17,4,21,0.6666666666666666,3.5,6,True,1,0.16666666666666666,0.0,0.16666666666666666,0.8333333333333334,-2.8333333333333335,0.40384615384615385,1432.3
304,OPS Oulu,4,0,1,3,-17,-17,2,19,0.5,4.75,4,True,1,0.25,0.0,0.25,0.75,-4.25,0.4375,1456.3
305,FC Nordsjælland,6,0,1,5,-18,-18,4,22,0.6666666666666666,3.6666666666666665,6,True,1,0.16666666666666666,0.0,0.16666666666666666,0.8333333333333334,-3.0,0.40384615384615385,1432.3
306,Aris Bonnevoie,6,0,1,5,-19,-19,6,25,1.0,4.166666666666667,6,True,1,0.16666666666666666,0.0,0.16666666666666666,0.8333333333333334,-3.1666666666666665,0.40384615384615385,1432.3
307,Olympiakos Nikosia,6,0,1,5,-32,-32,4,36,0.6666666666666666,6.0,6,True,1,0.16666666666666666,0.0,0.16666666666666666,0.8333333333333334,-5.333333333333333,0.40384615384615385,1432.3
308,FC Utrecht,2,0,0,2,-2,-2,4,6,2.0,3.0,2,True,0,0.0,0.0,0.0,1.0,-1.0,0.45454545454545453,1468.3
309,Cork City,2,0,0,2,-2,-2,1,3,0.5,1.5,2,True,0,0.0,0.0,0.0,1.0,-1.0,0.45454545454545453,1468.3
310,Roda JC Kerkrade,2,0,0,2,-3,-3,3,6,1.5,3.0,2,True,0,0.0,0.0,0.0,1.0,-1.5,0.45454545454545453,1468.3
311,Chemnitzer FC,2,0,0,2,-3,-3,2,5,1.0,2.5,2,True,0,0.0,0.0,0.0,1.0,-1.5,0.45454545454545453,1468.3
312,LASK,2,0,0,2,-3,-3,2,5,1.0,2.5,2,True,0,0.0,0.0,0.0,1.0,-1.5,0.45454545454545453,1468.3
313,Željezničar Sarajevo,2,0,0,2,-3,-3,1,4,0.5,2.0,2,True,0,0.0,0.0,0.0,1.0,-1.5,0.45454545454545453,1468.3
314,Örgryte IS,2,0,0,2,-4,-4,3,7,1.5,3.5,2,True,0,0.0,0.0,0.0,1.0,-2.0,0.45454545454545453,1468.3
315,FKS Stal Mielec,4,0,0,4,-4,-4,2,6,0.5,1.5,4,True,0,0.0,0.0,0.0,1.0,-1.0,0.4166666666666667,1441.5
316,SG Sachsen Leipzig,2,0,0,2,-4,-4,2,6,1.0,3.0,2,True,0,0.0,0.0,0.0,1.0,-2.0,0.45454545454545453,1468.3
317,Moss FK,2,0,0,2,-4,-4,0,4,0.0,2.0,2,True,0,0.0,0.0,0.0,1.0,-2.0,0.45454545454545453,1468.3
318,Beitar Jerusalem,2,0,0,2,-5,-5,2,7,1.0,3.5,2,True,0,0.0,0.0,0.0,1.0,-2.5,0.45454545454545453,1468.3
319,Pezoporikos Larnaca,2,0,0,2,-5,-5,2,7,1.0,3.5,2,True,0,0.0,0.0,0.0,1.0,-2.5,0.45454545454545453,1468.3
320,Tavriya Simferopol (1958-2014),2,0,0,2,-5,-5,2,7,1.0,3.5,2,True,0,0.0,0.0,0.0,1.0,-2.5,0.45454545454545453,1468.3
321,Ilves Tampere,2,0,0,2,-5,-5,1,6,0.5,3.0,2,True,0,0.0,0.0,0.0,1.0,-2.5,0.45454545454545453,1468.3
322,FC Luzern,2,0,0,2,-5,-5,0,5,0.0,2.5,2,True,0,0.0,0.0,0.0,1.0,-2.5,0.45454545454545453,1468.3
323,Cork Celtic,2,0,0,2,-6,-6,1,7,0.5,3.5,2,True,0,0.0,0.0,0.0,1.0,-3.0,0.45454545454545453,1468.3
324,Cork Hibernians,2,0,0,2,-6,-6,1,7,0.5,3.5,2,True,0,0.0,0.0,0.0,1.0,-3.0,0.45454545454545453,1468.3
325,Køge BK,2,0,0,2,-6,-6,1,7,0.5,3.5,2,True,0,0.0,0.0,0.0,1.0,-3.0,0.45454545454545453,1468.3
326,Shelbourne FC,2,0,0,2,-6,-6,1,7,0.5,3.5,2,True,0,0.0,0.0,0.0,1.0,-3.0,0.45454545454545453,1468.3
327,Strømsgodset IF,2,0,0,2,-6,-6,1,7,0.5,3.5,2,True,0,0.0,0.0,0.0,1.0,-3.0,0.45454545454545453,1468.3
328,KF Elbasani,2,0,0,2,-6,-6,0,6,0.0,3.0,2,True,0,0.0,0.0,0.0,1.0,-3.0,0.45454545454545453,1468.3
329,Sligo Rovers,2,0,0,2,-6,-6,0,6,0.0,3.0,2,True,0,0.0,0.0,0.0,1.0,-3.0,0.45454545454545453,1468.3
330,Vardar Skopje,2,0,0,2,-6,-6,0,6,0.0,3.0,2,True,0,0.0,0.0,0.0,1.0,-3.0,0.45454545454545453,1468.3
331,Helsingfors IFK,4,0,0,4,-7,-7,5,12,1.25,3.0,4,True,0,0.0,0.0,0.0,1.0,-1.75,0.4166666666666667,1441.5
332,Ards FC,2,0,0,2,-7,-7,3,10,1.5,5.0,2,True,0,0.0,0.0,0.0,1.0,-3.5,0.45454545454545453,1468.3
333,HPS Helsinki,2,0,0,2,-7,-7,0,7,0.0,3.5,2,True,0,0.0,0.0,0.0,1.0,-3.5,0.45454545454545453,1468.3
334,Olimpija Ljubljana,2,0,0,2,-7,-7,0,7,0.0,3.5,2,True,0,0.0,0.0,0.0,1.0,-3.5,0.45454545454545453,1468.3
335,Víkingur Reykjavík,6,0,0,6,-8,-8,5,13,0.8333333333333334,2.1666666666666665,6,True,0,0.0,0.0,0.0,1.0,-1.3333333333333333,0.38461538461538464,1418.4
336,Oţelul Galaţi,6,0,0,6,-8,-8,3,11,0.5,1.8333333333333333,6,True,0,0.0,0.0,0.0,1.0,-1.3333333333333333,0.38461538461538464,1418.4
337,IK Start,4,0,0,4,-8,-8,2,10,0.5,2.5,4,True,0,0.0,0.0,0.0,1.0,-2.0,0.4166666666666667,1441.5
338,FK Žalgiris,2,0,0,2,-8,-8,0,8,0.0,4.0,2,True,0,0.0,0.0,0.0,1.0,-4.0,0.45454545454545453,1468.3
339,Coleraine FC,2,0,0,2,-10,-10,1,11,0.5,5.5,2,True,0,0.0,0.0,0.0,1.0,-5.0,0.45454545454545453,1468.3
340,FC VSS Košice,6,0,0,6,-11,-11,2,13,0.3333333333333333,2.1666666666666665,6,True,0,0.0,0.0,0.0,1.0,-1.8333333333333333,0.38461538461538464,1418.4
341,Limerick FC (old),4,0,0,4,-12,-12,4,16,1.0,4.0,4,True,0,0.0,0.0,0.0,1.0,-3.0,0.4166666666666667,1441.5
342,AEL Limassol,2,0,0,2,-12,-12,0,12,0.0,6.0,2,True,0,0.0,0.0,0.0,1.0,-6.0,0.45454545454545453,1468.3
343,Debreceni VSC,6,0,0,6,-14,-14,5,19,0.8333333333333334,3.1666666666666665,6,True,0,0.0,0.0,0.0,1.0,-2.3333333333333335,0.38461538461538464,1418.4
344,KPV Kokkola,2,0,0,2,-14,-14,0,14,0.0,7.0,2,True,0,0.0,0.0,0.0,1.0,-7.0,0.45454545454545453,1468.3
345,MŠK Žilina,6,0,0,6,-16,-16,3,19,0.5,3.1666666666666665,6,True,0,0.0,0.0,0.0,1.0,-2.6666666666666665,0.38461538461538464,1418.4
346,EPA Larnaca,2,0,0,2,-16,-16,0,16,0.0,8.0,2,True,0,0.0,0.0,0.0,1.0,-8.0,0.45454545454545453,1468.3
347,Crusaders FC,4,0,0,4,-19,-19,0,19,0.0,4.75,4,True,0,0.0,0.0,0.0,1.0,-4.75,0.4166666666666667,1441.5
348,Portadown FC,4,0,0,4,-20,-20,1,21,0.25,5.25,4,True,0,0.0,0.0,0.0,1.0,-5.0,0.4166666666666667,1441.5
349,Rabat Ajax,4,0,0,4,-20,-20,0,20,0.0,5.0,4,True,0,0.0,0.0,0.0,1.0,-5.0,0.4166666666666667,1441.5
350,KR Reykjavík,6,0,0,6,-28,-28,7,35,1.1666666666666667,5.833333333333333,6,True,0,0.0,0.0,0.0,1.0,-4.666666666666667,0.38461538461538464,1418.4
351,Keflavík ÍF,8,0,0,8,-30,-30,5,35,0.625,4.375,8,True,0,0.0,0.0,0.0,1.0,-3.75,0.35714285714285715,1397.9
352,Stade Dudelange,4,0,0,4,-31,-31,1,32,0.25,8.0,4,True,0,0.0,0.0,0.0,1.0,-7.75,0.4166666666666667,1441.5
353,Union Luxembourg,8,0,0,8,-37,-37,2,39,0.25,4.875,8,True,0,0.0,0.0,0.0,1.0,-4.625,0.35714285714285715,1397.9
354,Avenir Beggen,8,0,0,8,-44,-44,0,44,0.0,5.5,8,True,0,0.0,0.0,0.0,1.0,-5.5,0.35714285714285715,1397.9
